#kernel,ldk #5,ldk #11,ldk #19,ldk #24,ldk #37,ldk #41,ldk #56,ldk #58
0.0,0.09070294238767093,0.0849299289814496,0.07859829335757731,0.0811952384139762,0.04304775337958822,0.05198590403868291,0.05800972543479845,0.056309369686318604
1.0,0.9434888007687507,0.9779713386548702,0.9536519670751419,0.9495516150117975,1.435413390959571,1.0358762211496724,1.0958191196762528,1.1020421344168896
2.0,3.1277907531803786,3.0499060838986636,3.322335524618939,3.360995037946022,5.784866535057956,4.060328917959183,3.9526288436633195,3.9598554526404186
3.0,-0.375649264258414,-0.3839318789553769,-0.38093485179367154,-0.3880276639802795,-0.3653236664381438,-0.38693243139234007,-0.37669418804908517,-0.3768392484978776
