#kernel,ldk #5,ldk #11,ldk #19,ldk #24,ldk #37,ldk #41,ldk #56,ldk #58
0.0,0.8634978067635798,0.8701275593927226,0.8841035458335239,0.8595058769809889,1.2826878588300967,0.9474425464427119,1.0075151215777634,0.999376974154218
1.0,-0.3823335454405416,-0.3845121371476513,-0.3805118914621174,-0.3881586994968587,-0.34752515597367345,-0.38166864623583646,-0.37668848909717445,-0.372131348252818
2.0,3.0197951415450546,2.94542325091886,3.216940146890248,3.10204464849481,4.897276007286082,3.6766985427918257,3.631571218963843,3.5787347051978755
3.0,0.0623100973397216,0.06607162577831228,0.05848354520137768,0.06538522690762408,0.02663884070670076,0.029047542364870328,0.039568440418192054,0.03901382861050146
