#kernel,ldk #5,ldk #11,ldk #19,ldk #24,ldk #37,ldk #41,ldk #56,ldk #58
0.0,-0.37775066430541476,-0.37537970257935166,-0.3800781667666968,-0.38552902284860757,-0.351336629247462,-0.38200414091480456,-0.3669346862857276,-0.36662336719026534
1.0,0.072468790097681,0.07498519862381885,0.07439716008332795,0.0739097276031812,0.038726244491909326,0.0420147886001949,0.048881147555201745,0.05085471358705755
2.0,2.9525842100541406,2.9927260504877933,3.154902490114143,3.185284334720164,5.165838537507628,3.7405676357798234,3.701937217862543,3.6469920514793293
3.0,0.8608276761247642,0.8932969180436181,0.8810409280608092,0.886506588266005,1.3410939970890083,0.9632212081033333,1.035279997378439,1.0314991307797359
