#kernel,ldk #5,ldk #11,ldk #19,ldk #24,ldk #37,ldk #41,ldk #56,ldk #58
0.0,-0.3712759411346544,-0.37512146352457715,-0.3684482742827668,-0.3677012489088054,-0.3384453790067568,-0.3736295270916705,-0.3649307129727065,-0.3571034594641137
1.0,0.08765946003896886,0.09273483137810558,0.088784102781981,0.0894631343859638,0.05938939569202814,0.06021469981432684,0.07088574377158377,0.07845134884569999
2.0,3.197407689653191,3.176857396145142,3.373638338645186,3.2876884508634086,5.658325356708499,4.025008711339963,3.913702871622191,3.8864619957134905
3.0,0.9448578565292891,0.950829368466902,0.9827238472138623,0.9526119781042455,1.4198769205570096,1.0427296180214707,1.0969601574803642,1.1053460866292655
