#kernel,ldk #5,ldk #11,ldk #19,ldk #24,ldk #37,ldk #41,ldk #56,ldk #58
0.0,-0.3717038218406281,-0.38073999517127316,-0.3820848235338873,-0.38554962602142717,-0.35433959884116434,-0.37734220120348416,-0.370089228949252,-0.36432741402810803
1.0,0.9097776197779491,0.9319180859760287,0.9131221786425495,0.9009523641861084,1.286290901259103,0.9767410274447427,1.0933972005136474,1.0817582721568324
2.0,2.9973453626633266,3.0090343021905794,3.1429864733899273,3.1940224031248365,5.097149459943915,3.7442771560219876,3.7107363090475465,3.599641548221259
3.0,0.08139851755651875,0.07882230184111666,0.07156194583878582,0.06768643661943059,0.04578249607510722,0.055260876346877444,0.05599316126490765,0.05671170950331183
