#kernel,ldk #5,ldk #11,ldk #19,ldk #24,ldk #37,ldk #41,ldk #44,ldk #46,ldk #50,ldk #52,ldk #56,ldk #58
0.0,-0.3898047699190075,-0.3908912546546953,-0.38579672184306085,-0.39081151722624125,-0.3555535184920039,-0.3824282325857345,-0.3417669504768666,-0.39421278100787466,-0.41487673214283477,-0.41746952608636045,-0.3850744674980961,-0.38751104774420375
1.0,2.851411754238313,2.8562198433253134,3.0334190632127562,3.014956411968173,4.987154110753967,3.602656262036834,4.945486877653411,3.4437752788643454,3.1259579362070578,3.1416541870660595,3.5827232500860964,3.5249477416664687
2.0,0.048232046096756104,0.05361259287430286,0.05175926035073412,0.053627883141117313,0.0169777035594494,0.02792673537183356,0.026189062447720485,0.019378677205874877,0.028327005636258566,0.027864080013929662,0.020826001076378844,0.014253919343817863
3.0,0.8370420883102367,0.8568329114695907,0.8592896629304303,0.8509201926853813,1.2178136491721991,0.9080275944751975,1.2251740395791892,0.9008502320460631,0.8413299700833341,0.8584785705248014,0.9812351288817591,0.9707029682090511
