#kernel,ldk #5,ldk #11,ldk #19,ldk #24,ldk #37,ldk #41,ldk #44,ldk #46,ldk #50,ldk #52,ldk #56,ldk #58
0.0,-0.38830877714605566,-0.39289901128389326,-0.3863523302236296,-0.3912959857969931,-0.3561437619499326,-0.382831276024708,-0.34249845865909395,-0.3947937555768026,-0.41529150829716993,-0.41794079565275777,-0.3853723893097298,-0.3850984970150973
1.0,0.832785885792133,0.8557208308089957,0.8572362853269325,0.8482561742590593,1.2156086440309677,0.9063982169746596,1.224705201948075,0.9007085715584254,0.842149195549696,0.8592111053712118,0.9824568965385498,0.965136943265122
2.0,2.84076255476522,2.8567702065814937,3.040677514765646,3.0181931283943837,4.986252860018252,3.60431065336287,4.9460307044089955,3.4472360398986304,3.129893877590981,3.1429120636299066,3.5858083696476912,3.5035667977899587
3.0,0.048440031245693016,0.0522527889469597,0.05140933389553269,0.05274530428706021,0.016546820096718047,0.028074708980515464,0.025404187664380424,0.01854283745575194,0.02811429967597034,0.027869361035900746,0.02078813524896716,0.014340949665227214
