#kernel,ldk #5,ldk #11,ldk #19,ldk #24,ldk #37,ldk #41,ldk #44,ldk #46,ldk #50,ldk #52,ldk #56,ldk #58
0.0,0.053631547606454354,0.05373405370731719,0.05095863307345557,0.05319766026122713,0.015933618909600555,0.026426322195710967,0.025413698737933633,0.0185961805759912,0.027759909414183298,0.027254441484283243,0.020380720720575857,0.01371494114746782
1.0,-0.38474172594722833,-0.39416702997002473,-0.387059219161589,-0.39169183212222464,-0.35720097660653116,-0.3850525350307673,-0.3429432596996178,-0.39623577456042314,-0.4157223718405562,-0.418350341802835,-0.3859958734542067,-0.38817276180126326
2.0,0.8394171037866777,0.8585887326355435,0.8576922901968071,0.8494807122096941,1.2185300824809011,0.9062400838538323,1.2261656703863228,0.9014398327911507,0.8400433906933507,0.8571146079613704,0.9824442450555638,0.9712312696040133
3.0,2.8642132737013064,2.873345481553634,3.045956398387547,3.022369928172921,5.003670506151118,3.622120001022741,4.950891798833449,3.4516132275864533,3.133004514733984,3.148316846994712,3.5882185633136623,3.5288830847200794
