#kernel,ldk #5,ldk #11,ldk #19,ldk #24,ldk #37,ldk #41,ldk #44,ldk #46,ldk #50,ldk #52,ldk #56,ldk #58
0.0,0.04718860010749148,0.04907997293336641,0.053524928518611764,0.04814440286241769,0.015065344801941457,0.025554618803062788,0.02688662894137654,0.02113352514881567,0.02852870356265816,0.027991864797241146,0.015238052258209211,0.014816536040572642
1.0,2.8404054285546962,2.8471673907617037,3.032322840315504,3.0038993211656986,4.978083640628657,3.580739081391787,4.924654569846203,3.4331397113961857,3.130362720366481,3.1458202806940236,3.5773560606675487,3.5018398066200405
2.0,-0.3903333833991353,-0.3967032618245546,-0.38517778273383163,-0.39705835911206544,-0.35778230238826264,-0.3843647324157775,-0.33992343617572124,-0.39283109572333896,-0.41546307902280044,-0.41814046110947767,-0.3913156506831514,-0.3851183580506296
3.0,0.8343090386386284,0.8521702929384138,0.858700697741221,0.841815618570167,1.2123473191517629,0.8996908370796812,1.2198786222295253,0.8997324078250157,0.844261545745723,0.8613481072375982,0.978352542760171,0.9671297638234596
