#kernel,ldk #5,ldk #11,ldk #19,ldk #24,ldk #37,ldk #41,ldk #44,ldk #46,ldk #50,ldk #52,ldk #56,ldk #58
0.0,-0.3905516978252472,-0.3960027117107098,-0.38669075757128984,-0.3959350041173241,-0.3572859574639604,-0.38422354271896614,-0.34278872245692477,-0.3924721722398235,-0.41716788744704536,-0.41258097117016435,-0.38919182875019376,-0.3847962870154112
1.0,2.8422924646906593,2.8468663994978036,3.0391310336905826,3.0036981575323556,4.977671112087132,3.5814717031836487,4.979369439686668,3.4334071854682016,3.148375938117856,3.11465287827322,3.570119477172227,3.504192917918463
2.0,0.8346062964560343,0.85225821319261,0.8608833231965078,0.8417957077480137,1.2139574313857684,0.9004913877241298,1.2343762255145667,0.900369812637259,0.849058563348697,0.8529938274612957,0.976115355788357,0.9671962309158908
3.0,0.04775564236146873,0.050383950237437136,0.05295904572928315,0.048144310803151034,0.015481217815233544,0.025485937451021727,0.02795507572174247,0.02149482796010989,0.03059895080876119,0.030135862298885648,0.017075886755011732,0.015802235260407624
