#kernel,ldk #5,ldk #11,ldk #19,ldk #24,ldk #37,ldk #41,ldk #44,ldk #46,ldk #50,ldk #52,ldk #56,ldk #58
0.0,0.05436365371575562,0.057477790596795045,0.05168545692490763,0.05156449024369398,0.016845560524194527,0.028056480272676487,0.025080383425349642,0.02120273138149862,0.03684610210497826,0.026617374635466994,0.019612720605565296,0.01324773982696655
1.0,0.8436087657620656,0.8657226677765817,0.8595695229380522,0.835196732901593,1.2178264037020774,0.9099173151179305,1.2315745830480058,0.9095478246694841,0.8511008732028731,0.8574631279902115,0.985363832916682,0.9714462154128539
2.0,-0.38422746510935696,-0.38887038867472523,-0.3866624455221023,-0.3858936216668024,-0.35628965902382675,-0.3844864704986059,-0.344728057357839,-0.3950409158423214,-0.40673746749381023,-0.4181037654348493,-0.38688966779641537,-0.3882735266413044
3.0,2.8604318962225244,2.8802092493810245,3.0477701577890017,2.9817572365367826,5.009130884851798,3.624381345327463,4.991154000331191,3.480999285087374,3.139906781760282,3.1408919888063416,3.5936438054050592,3.519465482924518
