#kernel,ldk #5,ldk #11,ldk #19,ldk #24,ldk #37,ldk #41,ldk #44,ldk #46,ldk #50,ldk #52,ldk #56,ldk #58
0.0,-0.392183648178459,-0.394800183642353,-0.38367006574859874,-0.39438552805943755,-0.35677101287814755,-0.3823228515262162,-0.34143477141218914,-0.391069015349859,-0.4160910482097226,-0.411695173039623,-0.3867293098155048,-0.38292720352301407
1.0,0.04543439057062572,0.05087064444083471,0.05477959903042518,0.050024301310828065,0.015604985227226932,0.027167967273555325,0.028516031249504574,0.020989686186548465,0.03195217823721726,0.031166091742824368,0.018528286150786277,0.0156624531975629
2.0,2.837497148726564,2.8453052491167656,3.0306814902000982,3.009099776430026,4.97714646317448,3.5803952452009673,4.980242275461368,3.426249828228257,3.155748869305769,3.1225353095682196,3.565854553419124,3.4878364005806497
3.0,0.8305479985746205,0.8514028577543888,0.8597914361962838,0.8434206435475347,1.2136740530709402,0.9001498073640646,1.2355226632372867,0.897624736358076,0.85127236682351,0.8551954609474296,0.9758140473092328,0.9621413241001574
