#kernel,ldk #5,ldk #11,ldk #19,ldk #24,ldk #37,ldk #41,ldk #44,ldk #46,ldk #50,ldk #52,ldk #56,ldk #58
0.0,-0.3871715719161794,-0.3931676657194552,-0.3825601140317224,-0.39515588041307154,-0.3535768777069846,-0.37960772033808104,-0.3403599977304052,-0.3909759289450999,-0.41415729165826437,-0.4101148094364542,-0.38688930508367786,-0.38199415387531704
1.0,0.8380355250438385,0.8559424911572897,0.8641362452904413,0.8471780434333165,1.2225015871877793,0.9124112505228441,1.2295573726167774,0.9040542767540063,0.8537635936479948,0.8571610274165429,0.9809780151591493,0.9721454757280934
2.0,0.05073870267367893,0.05251942549520079,0.056083151822918835,0.050355743122963155,0.018945400621697053,0.03197470379051032,0.027508764186115985,0.02308368430109867,0.03330721658338528,0.03216102235229604,0.01925739212499419,0.01854131047901412
3.0,2.8469246203046374,2.853283400417646,3.0463222442846054,3.0213191301066606,5.004195077030584,3.6136101072269295,4.961131880304492,3.444653608581477,3.1576492920108135,3.1228138728000805,3.574322786042166,3.5084043935560083
