#kernel,ldk #5,ldk #11,ldk #19,ldk #24,ldk #37,ldk #41,ldk #44,ldk #46,ldk #50,ldk #52,ldk #56,ldk #58
0.0,0.050827462040960864,0.05239138617310284,0.05367390431682475,0.04886008797342942,0.0158961462095661,0.030394220526378062,0.02757706805817953,0.021470462869124924,0.028190887579820013,0.026816050892635238,0.019953049716694152,0.014102874608423502
1.0,-0.38715191388808545,-0.3933191217883276,-0.3825823740216288,-0.39733765527866,-0.357571236305276,-0.3793421603387449,-0.33952991149604334,-0.39225596608054486,-0.41416336223340267,-0.4168460458029436,-0.38457064259412527,-0.38671793001375493
2.0,2.846849009064377,2.8539533342457015,3.0191336800025677,3.0175141838574273,4.982146963066839,3.587388969308192,4.923295895215891,3.4365648487101623,3.1303894760397872,3.1455994764251987,3.5864527406809583,3.5261368211488273
3.0,0.83977534746671,0.855894540634243,0.8569293585870958,0.8478028381803677,1.2183449325762066,0.9079449408373628,1.2240480966253857,0.903564431540338,0.8429240009143956,0.859341860405762,0.9802538515349826,0.9686078324749148
