#kernel,ldk #5,ldk #11,ldk #19,ldk #24,ldk #37,ldk #41,ldk #44,ldk #46,ldk #50,ldk #52,ldk #56,ldk #58
0.0,-0.391076699636669,-0.39265270616804315,-0.38768286380117073,-0.3924558069210939,-0.35681419371564327,-0.38349925478115104,-0.34355226412900464,-0.3958168861714169,-0.41655171453090756,-0.41931717387218564,-0.38512221747536013,-0.3863161185426976
1.0,0.8354995920244344,0.8563202844154012,0.8579152207684146,0.8505990961180189,1.211795736637858,0.9055301162947014,1.2198423882096352,0.8994929987053936,0.8408554382030994,0.8581497275672576,0.9770926098400576,0.9632048888872022
2.0,0.04547147927411292,0.05116605318276513,0.04850151334699762,0.051226177017241095,0.015057482807798577,0.02604860819730828,0.023721877646773516,0.016915658218331263,0.025731046131403236,0.025227998074773748,0.018739916483890555,0.012163803849601022
3.0,2.846532900190244,2.8548714091274485,3.0360400567393273,3.020747285513111,4.989003834119571,3.6026488502060428,4.947664263280088,3.4409085549526996,3.1252536825470907,3.141327592331223,3.564994128671874,3.498218521358917
