#kernel,ldk #5,ldk #11,ldk #19,ldk #24,ldk #37,ldk #41,ldk #44,ldk #46,ldk #50,ldk #52,ldk #56,ldk #58
0.0,-0.3853647121748784,-0.38915309188260583,-0.38716345962357807,-0.3915890300618847,-0.35673934635833426,-0.38440217632072243,-0.34464284574271103,-0.39532957210089026,-0.40666806485084867,-0.41794995006176383,-0.3871422970014126,-0.38822437994463715
1.0,2.8580705108562716,2.864398257797535,3.0195564851390677,2.999576467541509,5.014778228352403,3.620612845656291,4.9916474881569854,3.4734808759419473,3.1445574724793532,3.1419161419368216,3.5963257280238765,3.528255526468215
2.0,0.8435288235687941,0.864056301937392,0.8547924092263606,0.847351737202712,1.222199040515571,0.9095577160372003,1.2343921989909312,0.910549854079947,0.8501040115152957,0.8560146139151958,0.9834844582424644,0.9693774545275964
3.0,0.055014324264033236,0.05938347606564994,0.05120231145346025,0.05326174903565397,0.01628711459635757,0.027937891172826235,0.025405910633221777,0.02261112146803766,0.03719035228587384,0.027478071722224377,0.020419684266074493,0.013701105052041257
