#kernel,ldk #5,ldk #11,ldk #19,ldk #24,ldk #37,ldk #41,ldk #44,ldk #46,ldk #50,ldk #52,ldk #56,ldk #58
0.0,0.05440164478555713,0.05390880389918385,0.050672211602716004,0.05294228986848483,0.01626216977398563,0.027808274908223005,0.025114827612387012,0.01853638247468405,0.028079328714149872,0.027715133690418496,0.02062820376581475,0.01394938754099679
1.0,-0.384263037803783,-0.39380866648187113,-0.3868356131094234,-0.39141329088474147,-0.3567128711891323,-0.38466757106161215,-0.3429005340311357,-0.3960288986805759,-0.415377014336159,-0.4180832850482658,-0.3868285457871627,-0.3882573679439285
2.0,0.8400488796304831,0.8583581310169573,0.8564178108455595,0.8510962605283001,1.2199732480507512,0.9107185355231631,1.2273025797633212,0.9016419578619403,0.8390812030455245,0.8567920694046443,0.9818295831971274,0.9679069507758232
3.0,2.859075189029601,2.874262821812291,3.03698601562451,3.022937598003397,4.989478169485502,3.616065185505689,4.947060582880657,3.447903893656017,3.1277100475231685,3.1441502541676307,3.5961540819730087,3.528909997587923
