#kernel,ldk #5,ldk #11,ldk #19,ldk #24,ldk #37,ldk #41,ldk #44,ldk #46,ldk #50,ldk #52,ldk #56,ldk #58
0.0,0.04748595822283415,0.05335413926421954,0.05022167907075439,0.052028049654180175,0.015977397533241393,0.027221649843551455,0.02447668054354196,0.018220132076277356,0.028709338121996494,0.028121336903915054,0.02049975302963216,0.014125034934147252
1.0,-0.3884832280209412,-0.3912127304883072,-0.3862481798008639,-0.3912506950773509,-0.3562741982159808,-0.384523783355916,-0.3428248875279509,-0.3958861251376048,-0.4151575969652553,-0.41783299727049267,-0.3838808949838836,-0.38515719789101494
2.0,2.8369574070925054,2.85488855024791,3.038318489224606,3.0228584220348145,4.97214131271065,3.6162874690611657,4.929188143781548,3.4466696087009394,3.1312595959086296,3.143990810411482,3.568710651056422,3.50154252901529
3.0,0.8336377965355888,0.857280749934812,0.8580261269372359,0.8500076157935867,1.2136033165391134,0.9099505403134688,1.2214422411038006,0.9020889181041478,0.8427914772582357,0.8596778480759188,0.9778773814074793,0.9646221735910601
