#kernel,ldk #5,ldk #11,ldk #19,ldk #24,ldk #37,ldk #41,ldk #44,ldk #46,ldk #50,ldk #52,ldk #56,ldk #58
0.0,0.04779387986049851,0.04874243039202949,0.051715147732174144,0.04662297693617385,0.016559885461699116,0.027924500636334885,0.025821055846111416,0.019671341767463227,0.028363705821324442,0.028148012898079305,0.02084444521743894,0.014429986771120836
1.0,-0.38847211067888704,-0.39676514831088106,-0.38384012997347566,-0.3983709804852436,-0.3561092967599508,-0.38296845895142806,-0.34262182938266567,-0.3946464992145567,-0.41534947407293416,-0.41798216776395053,-0.3838004333731411,-0.38505414198021287
2.0,0.8340443140474996,0.8531875721453014,0.8545361514144743,0.843775792803549,1.2131856039320024,0.9062158589690253,1.2204620879566195,0.8981684667331693,0.8432226267534344,0.8600810107554274,0.9792632523269743,0.9665234747240993
3.0,2.8419389689830488,2.845697624182295,3.016350700114848,3.0128538105353875,4.990879684851267,3.599768980920003,4.947777914948455,3.4357045038685516,3.1305802201284987,3.1430274708517554,3.5675277695893843,3.502689914575768
