#kernel,ldk #5,ldk #11,ldk #19,ldk #24,ldk #37,ldk #41,ldk #44,ldk #46,ldk #50,ldk #52,ldk #56,ldk #58
0.0,2.8440774440634415,2.847908506313775,3.0353908981208164,3.0132583327814286,4.977557202646543,3.600975824148716,4.918834026144488,3.428076209075148,3.1464925287162107,3.141826842466903,3.582564360514459,3.501184320204656
1.0,-0.3888700425439566,-0.39445140856416977,-0.386015868081429,-0.3984943690738462,-0.35830792657375454,-0.3824632240113516,-0.34001271891085033,-0.393328179072423,-0.4175168931584532,-0.41756691434327575,-0.38564892807724543,-0.38518911493723884
2.0,0.04915723764839448,0.0508027995909885,0.05249217269942803,0.047024492414402035,0.014044092399422227,0.02902026493685311,0.02621737123114615,0.0199102870747336,0.029398868958071527,0.028705299210334226,0.02057368363913834,0.014312891579665603
3.0,0.8366844378705406,0.8531314112012218,0.8596338881180442,0.8447014311517203,1.2144393735479742,0.9087050449564448,1.220835377611799,0.8992898124425813,0.8484243282091987,0.8599910476721169,0.9780259181556081,0.9616242783224247
