#kernel,ldk #5,ldk #11,ldk #19,ldk #24,ldk #37,ldk #41,ldk #44,ldk #46,ldk #50,ldk #52,ldk #56,ldk #58
0.0,-0.3885181081567659,-0.39338244460543853,-0.3847468518848739,-0.3964881412542672,-0.3554036119681382,-0.38583500209443594,-0.34179043322935687,-0.3925730896919632,-0.41600623741957,-0.41582574563632513,-0.3897457514255453,-0.3836984579521956
1.0,0.8398508719030425,0.8551820004121327,0.8607301919732635,0.8432695427513127,1.216384501772266,0.9056216560440856,1.2231565329882186,0.8996184282096227,0.8506789013529955,0.8622710182285477,0.9800820304933124,0.9684930308219958
2.0,0.0503080271562274,0.05206873566513595,0.054045963338531205,0.04858764068598701,0.01835666279484241,0.02623749619653496,0.026959247648611066,0.02124228461299372,0.03105180249585186,0.030458577448142808,0.017042389031241206,0.01626361838043175
3.0,2.8533455485479844,2.8522270431032224,3.0410452377829755,3.010206348667085,4.993482945883366,3.603487304352682,4.946197455184887,3.4332779368977118,3.1527943380625234,3.1476655275810854,3.5784518680808093,3.502475364148319
