#kernel,ldk #5,ldk #11,ldk #19,ldk #24,ldk #37,ldk #41,ldk #44,ldk #46,ldk #50,ldk #52,ldk #56,ldk #58
0.0,-0.388821127567391,-0.39148430627342523,-0.38636337998780834,-0.3986221111856534,-0.35617644675323984,-0.3828562104358749,-0.34255020643486894,-0.39487566099836174,-0.41554739615293323,-0.41822278422981574,-0.3859940390906185,-0.38816369332253176
1.0,0.04822580078075314,0.05377643022631958,0.05203860688902736,0.04720929216037443,0.016714423780030383,0.02868661102229321,0.025435615283038008,0.019378750672568883,0.028326284742159858,0.027210064411020335,0.01937689771778051,0.013332733462738644
2.0,0.8340061671438991,0.8575428893896793,0.8592343166722044,0.8442994960998318,1.2161646476372083,0.9069164933566365,1.223867492516874,0.8993081760631952,0.8423908427138902,0.8583252876303876,0.9793364219432824,0.9694709357564012
3.0,2.838904935918253,2.8541304419675235,3.0358629653539517,3.0146447507052248,4.989484245870436,3.600271203185645,4.9472778329088944,3.4376768997123404,3.127274963915988,3.141583793794858,3.579686318997304,3.5214586509590817
