#kernel,ldk #5,ldk #11,ldk #19,ldk #24,ldk #37,ldk #41,ldk #44,ldk #46,ldk #50,ldk #52,ldk #56,ldk #58
0.0,0.04950025206791938,0.05355666409445661,0.052236679924009724,0.052725513827635635,0.016968164791365117,0.028157887801257258,0.02512654677440737,0.01831639817046616,0.028290024953601653,0.02672004957390125,0.02029344744039871,0.014612197365318758
1.0,-0.3877614145152795,-0.3926180566953914,-0.3856592297122033,-0.39046760139784065,-0.3554395348809721,-0.3822175244724871,-0.3418983373268497,-0.3952421520900892,-0.4147076174324226,-0.4175147533575112,-0.3834882799161388,-0.3846717539988665
2.0,0.8352138804953824,0.8631689997872709,0.8608849243987752,0.8528669631214809,1.2174994529759617,0.9091535591636767,1.2265010750629026,0.9052898609517732,0.8437065870841735,0.8575543029233087,0.9805647440504706,0.9704286055391709
3.0,2.840151092106755,2.8694076560267554,3.0426698803978462,3.0258649397998227,4.9983428106376815,3.6062517166569528,4.956269578141442,3.452171744118227,3.12813978002093,3.144268813219871,3.567773836979439,3.5004108450256353
