#kernel,ldk #5,ldk #11,ldk #19,ldk #24,ldk #37,ldk #41,ldk #44,ldk #46,ldk #50,ldk #52,ldk #56,ldk #58
0.0,-0.38953623941051196,-0.3941815052048102,-0.38496483859202213,-0.3953069301876573,-0.3547884341372265,-0.3815079336874427,-0.33937486989591514,-0.3919994769098783,-0.41505076359544746,-0.41357736135973333,-0.38365099042161466,-0.38489664627299164
1.0,0.8412996175497233,0.8562383187640951,0.8624412731753078,0.8435576463189876,1.2161341839445001,0.9094143481367786,1.2180669271571567,0.9004286012517541,0.8451030657058375,0.8542273297727178,0.9802964902623614,0.968439955050496
2.0,0.048568484351516734,0.05050304793508345,0.0536310322410724,0.049339755745409,0.017992989308149777,0.02891568037906903,0.02737678180725844,0.021020220414923713,0.028140600779899317,0.02749441777383792,0.021117881312580376,0.014464235965060008
3.0,2.8561813664239466,2.8516739642212534,3.0470490112681015,3.0133590264707766,4.981084094251334,3.601518457497689,4.915873500123012,3.433880966529532,3.133857138634988,3.1220674191362403,3.569219397052615,3.5071534765426535
