#kernel,ldk #5,ldk #11,ldk #19,ldk #24,ldk #37,ldk #41,ldk #44,ldk #46,ldk #50,ldk #52,ldk #56,ldk #58
0.0,-0.3894847900741571,-0.39601207937379773,-0.38744436895497963,-0.38660574809498327,-0.3574537285245448,-0.3838525152709533,-0.34456003352313436,-0.39678438588482207,-0.4162566138339036,-0.418911925654311,-0.3866897577723193,-0.38888070746789866
1.0,0.048221106868524044,0.04994243692060704,0.05008296438613317,0.050680451178591546,0.01456943844342916,0.02690616787104708,0.023864939183219507,0.018358672329314523,0.02833146942449664,0.027853708244992587,0.019289876057237827,0.012668385937716633
2.0,2.8444248085802197,2.8572510202366654,3.0472660952280983,2.9841721494410542,5.012267548996444,3.6128461667016136,4.978343203665961,3.4570597733548625,3.136968572365543,3.1563373743646994,3.569869375946607,3.5072443645353806
3.0,0.8374500495290765,0.8550528939202736,0.8614416238052793,0.8380421642791911,1.2168031066349967,0.9100541819237851,1.2256702484212567,0.9032259828652285,0.8450117053512733,0.8626256171863838,0.9775328064006915,0.9663788084570001
