#kernel,ldk #5,ldk #11,ldk #19,ldk #24,ldk #37,ldk #41,ldk #44,ldk #46,ldk #50,ldk #52,ldk #56,ldk #58
0.0,-0.3877882432225896,-0.39172846891922586,-0.3868518253494947,-0.391633806662796,-0.35652870035728346,-0.3852487551069582,-0.34291243152567696,-0.3964322497428585,-0.41593915188291936,-0.418844994663294,-0.38637067218882715,-0.38855308900094643
1.0,0.04749138129150184,0.05245474734506036,0.050484812016246675,0.05153922426980845,0.016252477717151364,0.027567876748343923,0.024235059077261995,0.017546280004798357,0.027212949708343138,0.02553916833703621,0.01866875915434272,0.012244339703652345
2.0,0.8328868652069057,0.857447352601682,0.8583085979977095,0.8494985830989,1.211547542769359,0.9071384998694451,1.2196777363259816,0.8994206017996078,0.8432648416236267,0.8595366685574529,0.9766989484507305,0.9650554237894987
3.0,2.8327191997692243,2.8579368248679455,3.035596013872064,3.0199794303342182,4.981898827696572,3.6091189860816253,4.943097159184899,3.445541470073686,3.127297389652823,3.1426127567385884,3.584730244334637,3.5237338706853287
