#kernel,ldk #5,ldk #11,ldk #19,ldk #24,ldk #37,ldk #41,ldk #44,ldk #46,ldk #50,ldk #52,ldk #56,ldk #58
0.0,-0.3905011741646764,-0.3947259795574361,-0.38713855267340996,-0.3916281424565559,-0.3558487126213314,-0.3830029563570118,-0.3401617324973172,-0.3949735378063026,-0.41580671956088927,-0.4183595227332527,-0.38435072546029514,-0.3883970873582826
1.0,2.8528697213916354,2.8497360271518244,3.0379092109141608,3.0222979074129777,4.994357526899915,3.6046414357983734,4.92529573881797,3.4434742206892017,3.1275672343029597,3.1450720376172985,3.5640835509588524,3.5206331181693478
2.0,0.04802536840557583,0.050811771005579015,0.050192580617139465,0.05305691820835152,0.0166590588303793,0.027684579641578885,0.025574500259187144,0.018740451153639807,0.02734510303147896,0.027349668114535947,0.02007360879750001,0.013331587803532243
3.0,0.8367676112652326,0.8532199281568794,0.8579514253815964,0.8504671318805399,1.2184979565395564,0.9072477038165543,1.2197322879670798,0.900660283243197,0.8402686471731513,0.8587625462730517,0.9745721220301445,0.9674386158842461
