#kernel,ldk #5,ldk #11,ldk #19,ldk #24,ldk #37,ldk #41,ldk #44,ldk #46,ldk #50,ldk #52,ldk #56,ldk #58
0.0,0.05108287834828949,0.05257788013465822,0.053934810304562084,0.047942398793724625,0.018440199442311928,0.03015026664181853,0.02688271495706602,0.020981943050895648,0.031093817921946213,0.030196560748252613,0.022871514527415933,0.016442106130581162
1.0,0.8414546825814864,0.8556837920245632,0.8676794274480842,0.844706134370129,1.222316327602624,0.9112096519392483,1.2288134814915503,0.9054305551919224,0.8518667527263725,0.8625713318950929,0.9867059703750638,0.9701839703005763
2.0,2.8587971976650466,2.8595623480613654,3.0657417784212053,3.0243249008304574,5.002739520471482,3.6127728584852767,4.960996810551631,3.461257063984295,3.1574494612022916,3.1531684806706575,3.589692486512392,3.50747357186644
3.0,-0.3880640484860562,-0.3929810263699111,-0.3869755233856213,-0.39696204566138393,-0.35466753886359004,-0.38107407318471526,-0.34126091614899956,-0.39409763368668616,-0.41563567417080843,-0.41577955571795944,-0.38360961832471385,-0.38328072354194326
