#kernel,ldk #5,ldk #11,ldk #19,ldk #24,ldk #37,ldk #41,ldk #44,ldk #46,ldk #50,ldk #52,ldk #56,ldk #58
0.0,-0.3885257694712942,-0.3914047767302157,-0.3864125585649406,-0.3913689557799944,-0.35600068489063197,-0.38285947261558717,-0.3425230043132142,-0.3948941983273765,-0.4154943117900473,-0.4181658317940669,-0.3859156349052295,-0.38805105453763244
1.0,0.8340200413248279,0.8571820959654,0.859866238001803,0.8505233897005089,1.218713668033524,0.908332679556123,1.2260954219621663,0.9015038804878894,0.841474391356618,0.859095360528595,0.977727537008461,0.9662829686738538
2.0,0.048377868216274655,0.05372235568484184,0.05145343795546515,0.053176896738335214,0.016828023967007444,0.028394907208072553,0.025596876394607906,0.019336352091025452,0.02785718820046383,0.02737834238224767,0.02001785131101688,0.013538259064384689
3.0,2.841229772625034,2.8566419208147917,3.039821913126613,3.0203984166691624,4.999209266178727,3.606593191521719,4.959173344990511,3.448271705958342,3.1223840630499167,3.141752191149643,3.5800028755108197,3.5171925024799133
