#kernel,ldk #5,ldk #11,ldk #19,ldk #24,ldk #37,ldk #41,ldk #44,ldk #46,ldk #50,ldk #52,ldk #56,ldk #58
0.0,0.04811150107183365,0.04978280829308419,0.05087478255051905,0.04578148127849488,0.015755739019849547,0.02745091668944553,0.02484761272753334,0.018873209084937462,0.027978655348960976,0.02736067968820842,0.01990983965744485,0.01357103707655673
1.0,-0.39171981088399593,-0.39507601276241305,-0.3865534038343839,-0.3986380639887253,-0.3564520023476868,-0.3847552778048153,-0.3429848028395883,-0.39589539461960127,-0.41533126326205977,-0.4180373244983304,-0.385719769643752,-0.3880034805926424
2.0,0.838914953299262,0.8521970322468595,0.8562731979228417,0.8419124166110172,1.2114729532458735,0.908583395103062,1.2193264637662198,0.9002981804922924,0.8398894002274924,0.8571585322389313,0.9797406880516984,0.969238577082528
3.0,2.852584806503246,2.8448739178818565,3.019489715957031,3.0096318909599433,4.98440095939943,3.6063546795365546,4.946652428666831,3.445298913195785,3.1222057274523682,3.141140464285048,3.5695357490129753,3.514535221973583
