#kernel,ldk #5,ldk #11,ldk #19,ldk #24,ldk #37,ldk #41,ldk #44,ldk #46,ldk #50,ldk #52,ldk #56,ldk #58
0.0,0.04419124355145662,0.046561133234330705,0.048590447269028184,0.04860614777603917,0.013016150162079835,0.02486406039082571,0.02106811733932819,0.014521644748723783,0.02470042796108213,0.02397122087230002,0.012013627334919365,0.011251621802764173
1.0,2.829339328093568,2.840064631467996,3.023037752321804,3.0119176390113527,4.969810969366066,3.5714813383829425,4.922825700029861,3.4280181091763797,3.117931594327822,3.1326179582450875,3.546455762251693,3.482011607783916
2.0,0.8284691296327322,0.8494832791666864,0.8533849081617586,0.8457275989557945,1.20367250489695,0.8964948308570494,1.2090757879360765,0.8927045534659025,0.8383024322002103,0.8553491589149641,0.9655441206865861,0.9568332090718716
3.0,-0.3902904263150572,-0.39643191679985124,-0.3874034592450263,-0.39364199097172675,-0.35730376300343725,-0.38215087809927817,-0.34363224634329137,-0.39693078911840524,-0.4172049380907341,-0.4200173599887476,-0.39050826708235076,-0.38563506331371417
