#kernel,ldk #5,ldk #11,ldk #19,ldk #24,ldk #37,ldk #41,ldk #44,ldk #46,ldk #50,ldk #52,ldk #56,ldk #58
0.0,0.048979942909999866,0.04969191082390122,0.05350568343506541,0.05024781193177373,0.016214794490718457,0.029554352456941522,0.026324523692717122,0.020957044174320677,0.03306984521434331,0.031182243294469794,0.016423440062120376,0.014715050310592606
1.0,-0.38877232671015655,-0.39412350859211376,-0.3840233257245087,-0.39306292346848115,-0.3561737939578058,-0.3796730173537153,-0.3414448569110122,-0.39166313581927886,-0.4156953230788102,-0.40852161071782744,-0.3877211607878058,-0.38294410607298024
2.0,2.8419048614231834,2.8429337456811155,3.037134268676472,3.001186738924172,5.007903068258878,3.5934236586339208,4.958712050456517,3.4269286306341153,3.159524210294351,3.09848606018308,3.5680798467737507,3.490202006051505
3.0,0.8389433240409376,0.8582606630936838,0.8638773737983709,0.8473671152426253,1.2117768810560816,0.9080793660670174,1.219678609639623,0.9010932273768708,0.860474009134976,0.8539232463567239,0.979494027192882,0.9676604210149313
