#kernel,ldk #5,ldk #11,ldk #19,ldk #24,ldk #37,ldk #41,ldk #44,ldk #46,ldk #50,ldk #52,ldk #56,ldk #58
0.0,0.043957424659921356,0.04505448442423806,0.0475674685379258,0.04808613586477622,0.012153012270124306,0.023639922165906914,0.02102277404527438,0.014251501534782168,0.02333637893337271,0.022467968782804954,0.015199131976802444,0.008784347458268824
1.0,0.8234079006542437,0.837749264928106,0.8522614941876888,0.8318748154264097,1.1980983499226514,0.8917630347563634,1.2039851724346038,0.8814664617460989,0.8241730002404462,0.8386701197410582,0.9621112551187543,0.9462645593324176
2.0,2.801166474805253,2.793605700849732,3.0207842071674795,2.960148462125261,4.934516036951768,3.5525136070080916,4.891349188169923,3.384313814762168,3.064342991824338,3.0679846516757903,3.5492938275145343,3.474022529232848
3.0,-0.39356617107532166,-0.400092885148526,-0.3904837272210389,-0.39356517036561683,-0.3569379974429854,-0.38429154326237663,-0.3433646869681899,-0.39782626683071975,-0.4182591562605288,-0.42071526801066655,-0.390910267084409,-0.39047263614904876
