#kernel,ldk #5,ldk #11,ldk #19,ldk #24,ldk #37,ldk #41,ldk #44,ldk #46,ldk #50,ldk #52,ldk #56,ldk #58
0.0,0.0474747505041927,0.05344905287933711,0.05172058012968883,0.05304434103581451,0.015721344210234817,0.027887751991910313,0.024217894725352875,0.02160268074092162,0.036433167448985615,0.02674273542870696,0.019564275199135124,0.013073591160405535
1.0,-0.38892308813058696,-0.39416186832777883,-0.38677636890705736,-0.3919069480340646,-0.35737512195208376,-0.3848614090316542,-0.3452930868368214,-0.39594891487702844,-0.4071240017855868,-0.4184792671303108,-0.38728381326152156,-0.38866909232445557
2.0,0.8350758374282362,0.8608327139256612,0.8614661143756384,0.8479491903410666,1.2158486811128857,0.9096352937974045,1.2261144659827952,0.9055227799699097,0.8467684434991699,0.8549741629929997,0.980221137104421,0.967558844320461
3.0,2.8481648999795564,2.88020428545066,3.0470155345844847,3.033029779482045,4.992480902497574,3.615639768491957,4.966111896928115,3.4681669795710213,3.126803349041346,3.1363317955038394,3.5993299501294858,3.52904704491235
