#kernel,ldk #5,ldk #11,ldk #19,ldk #24,ldk #37,ldk #41,ldk #44,ldk #46,ldk #50,ldk #52,ldk #56,ldk #58
0.0,-0.3901883352648356,-0.3931681998257173,-0.3864537838710662,-0.39125496706540946,-0.3562376570211933,-0.38433278308779056,-0.3435318162031509,-0.39704701000301756,-0.40681410080481567,-0.4180532906511951,-0.3872923708323484,-0.3883477140382731
1.0,0.8352140016741763,0.8602410719666685,0.8591872899273467,0.8518639477401753,1.2221529337610058,0.9101268098789458,1.2314538959145505,0.9088182902382717,0.8485246123719768,0.85670611661034,0.9755595378547454,0.9605517348808279
2.0,2.858016718561107,2.8725897065807615,3.0432744802879474,3.028600378801047,4.993681546728216,3.6114097092020567,4.959149299398549,3.466009784937072,3.140849148014436,3.1446879753761845,3.598188057419595,3.526657367002121
3.0,0.048615586980388835,0.05444955996857836,0.05123666120301095,0.05338085042939155,0.017106889478649256,0.028057203249885636,0.025833599442042117,0.020756518223381218,0.03695996153336608,0.02726842143234073,0.019209812472549298,0.012625991184272293
