#kernel,ldk #5,ldk #11,ldk #19,ldk #24,ldk #37,ldk #41,ldk #44,ldk #46,ldk #50,ldk #52,ldk #56,ldk #58
0.0,-0.388645414972233,-0.39352428334256373,-0.38771881881405856,-0.39391734147277996,-0.3554840384857747,-0.3818023250889754,-0.34205070540137605,-0.3948012284443021,-0.4142676970077988,-0.4169201931914875,-0.3846630026327159,-0.3844052061230726
1.0,0.8397183586200813,0.85543521262347,0.8650948575343829,0.8478051176584196,1.2172402244056957,0.908598966040926,1.2243969118521356,0.9034846238370073,0.8418695524644823,0.858840243460854,0.9821163848696693,0.9655620904988869
2.0,2.8520652639041715,2.8512943766271905,3.059678228759821,3.0225137734813834,5.000568260858585,3.606605848717067,4.958020589679711,3.453921025300195,3.1272680592817985,3.1411279300193446,3.5836515567878977,3.503960673624651
3.0,0.05037030112591037,0.05199625143614044,0.053341088193668826,0.051122068145810946,0.017177839845964934,0.02952054351870928,0.02588478806095877,0.020597975895440438,0.02937555538029193,0.02908185272985571,0.021792408112984097,0.01513502322700684
