#kernel,ldk #5,ldk #11,ldk #19,ldk #24,ldk #37,ldk #41,ldk #44,ldk #46,ldk #50,ldk #52,ldk #56,ldk #58
0.0,-0.3889173863744754,-0.3948923121533408,-0.38362709388673155,-0.39528597599416904,-0.35716418780256937,-0.38095156356843035,-0.33945132327515876,-0.39137462086996266,-0.41555961129910884,-0.411617760080689,-0.3884008156247872,-0.38241309507047827
1.0,0.04957970944699538,0.05119182007960604,0.05438401389862884,0.04898528085505823,0.015915501879384564,0.03119744041346731,0.02767586191980548,0.022150636171718443,0.03215964714903546,0.031105931395051925,0.01803953202848004,0.01721079706199629
2.0,2.843708840615499,2.8508469765118125,3.03692873314459,3.0097440961811834,4.983997413265988,3.6091276562845933,4.930426564700691,3.4356589144041623,3.155667725360741,3.12038650612754,3.5718811803117996,3.4974274475208036
3.0,0.8365422452144895,0.854713861737108,0.8615017217563808,0.8443492405695454,1.212844616911839,0.9107472487835573,1.2199801771712813,0.901012438273935,0.8526955402461343,0.8558427679852452,0.9794429205858108,0.9682933370529149
