#kernel,ldk #5,ldk #11,ldk #19,ldk #24,ldk #37,ldk #41,ldk #44,ldk #46,ldk #50,ldk #52,ldk #56,ldk #58
0.0,-0.3915267121951017,-0.39129310356234764,-0.3862580944332888,-0.3913726931897889,-0.3555807817876809,-0.3825951166671281,-0.3402920856367044,-0.39491840227865366,-0.4155581863607054,-0.41817007888856106,-0.3839513979446921,-0.38791221250181956
1.0,2.8659773243142754,2.854588588357759,3.0412827434293455,3.0195349047826565,4.97471691861987,3.60266334965232,4.905688979086511,3.4344497654235915,3.1316801448954767,3.1458687969989017,3.5720277241720066,3.528500550297168
2.0,0.8355986084014452,0.8549877266003615,0.8558855832471659,0.8475333374397165,1.2164242416253441,0.9059085499046255,1.218208794241267,0.9005045797863936,0.8377783564499951,0.8565174910618153,0.9752035495953993,0.967414218142051
3.0,0.0479297921183072,0.05359020559779064,0.05132675249547442,0.05290892047575466,0.017446586035957206,0.028561158915734575,0.02572230788293898,0.019394432764996066,0.02681188566308369,0.026769178205727048,0.020042732276331486,0.01329710469733352
