#kernel,ldk #5,ldk #11,ldk #19,ldk #24,ldk #37,ldk #41,ldk #44,ldk #46,ldk #50,ldk #52,ldk #56,ldk #58
0.0,-0.3895024815572491,-0.39443807976605183,-0.3859888305471416,-0.3909329948910318,-0.35635007016778486,-0.38240600896843074,-0.34249865716844907,-0.3955510337876822,-0.41482079514696896,-0.4175136602991434,-0.3850054217034843,-0.38737393654913455
1.0,0.04943808579484443,0.05087748307648877,0.05202094655441098,0.053959401397246795,0.016260432554749314,0.02864259782704859,0.025199511610717634,0.01964397839830343,0.028905395636093623,0.02829484932001892,0.021146235610165705,0.014748212484622174
2.0,0.838428994963985,0.8527428015766028,0.8582470635074997,0.8493201372763342,1.2124725304405481,0.9062790007739112,1.2208158776911648,0.901464260954132,0.8421791478407099,0.8588367887923775,0.9815277297522302,0.9714955438488169
3.0,2.852872071767744,2.8465166518283262,3.0344278621813827,3.017053134472798,4.997386055802045,3.6046813119170698,4.955215889753213,3.448524987799924,3.128708045064304,3.1426404915748076,3.579063713780543,3.5240801062311045
