#kernel,ldk #5,ldk #11,ldk #19,ldk #24,ldk #37,ldk #41,ldk #44,ldk #46,ldk #50,ldk #52,ldk #56,ldk #58
0.0,0.04888218237851803,0.05162015433810056,0.05365262503430774,0.050491455289774424,0.015142190040398174,0.029527183269317532,0.026536525885335584,0.019511429417908652,0.027498878800977646,0.02600830452189032,0.020411605476784476,0.015052930953688586
1.0,-0.3880041278758361,-0.3948333342047945,-0.38641788616593115,-0.3952593367478347,-0.3586739454609875,-0.380697784091555,-0.3420959068326666,-0.39511233285841346,-0.4161510125829341,-0.4189846322274381,-0.3845130302417729,-0.3856361411485127
2.0,0.8332690880409497,0.8544432229733109,0.8607460507495505,0.8466773551027085,1.2143401490561383,0.9042504081554469,1.2253656734107479,0.9007212280677537,0.8413729065144553,0.857848938480892,0.9783763606491832,0.9658807024355816
3.0,2.841945725691944,2.856509946788953,3.044131021865958,3.0230649036594555,4.981850879612795,3.596213199749564,4.945502986146857,3.4392356103490695,3.13043409820806,3.1443332079165707,3.575248450704088,3.509015338885337
