#kernel,ldk #5,ldk #11,ldk #19,ldk #24,ldk #37,ldk #41,ldk #44,ldk #46,ldk #50,ldk #52,ldk #56,ldk #58
0.0,0.044541667516981985,0.050318709924976286,0.0465516970533075,0.04655342453059687,0.01102035951363272,0.023288038579134814,0.020554664001586443,0.015039472906129187,0.0320038561288448,0.03223049462753272,0.015829865601604976,0.009452181980480166
1.0,-0.3911885412186744,-0.39395603893421366,-0.3893169539919933,-0.38973771816634645,-0.3600378524300796,-0.3869279715111049,-0.34801835222288907,-0.39831665517556836,-0.409468536235222,-0.41121084729442475,-0.3896952836419114,-0.39067697415077063
2.0,0.8330417681863417,0.8562611621901672,0.8533859215418502,0.8282019877106379,1.2114145220365176,0.9075034597041401,1.2248127120603034,0.8974769386678647,0.8442568814607285,0.8614074927754619,0.9746835905161501,0.9630195309930277
3.0,2.8463347543434003,2.8621009192635634,3.041897124241046,2.976521723258234,5.011274549585651,3.6216274915749276,4.992209693150266,3.4509040942415576,3.131789218217272,3.1492009255844593,3.582790938818312,3.522778631832815
