#kernel,ldk #5,ldk #11,ldk #19,ldk #24,ldk #37,ldk #41,ldk #44,ldk #46,ldk #50,ldk #52,ldk #56,ldk #58
0.0,0.050517453105367385,0.05180986500222383,0.055670216384902986,0.04980664167306521,0.01996301105858281,0.03213437882805777,0.02820052006699135,0.02282292475177519,0.03289704227987813,0.03156876387508604,0.018419424009052412,0.017798478920760526
1.0,2.8565845441004676,2.8535093450665747,3.06603968039088,3.023043086529551,5.006388119517754,3.6193883124051864,4.967201788386868,3.4561664345535137,3.162754014040783,3.141405978753116,3.5881320521248443,3.51183257788851
2.0,-0.38791674003013293,-0.3933271437254814,-0.3850603843793788,-0.3950889702445297,-0.3535762982497675,-0.3794920471194645,-0.3403887256666658,-0.391398521015173,-0.41411888236102545,-0.41234485295455003,-0.3880517274557569,-0.3819801921801555
3.0,0.8421598044278475,0.8571956637632424,0.8708036140523683,0.8494921400913279,1.2194945843792315,0.9134093385424745,1.2275808942689568,0.9075384995779463,0.8553912152594964,0.8622317889604477,0.9856200768190512,0.9741249122621405
