#kernel,ldk #5,ldk #11,ldk #19,ldk #24,ldk #37,ldk #41,ldk #44,ldk #46,ldk #50,ldk #52,ldk #56,ldk #58
0.0,0.8396523075243286,0.8574429168501649,0.863584910969292,0.8480570558753006,1.2153110595991905,0.9097051555706471,1.2260271073700446,0.9041217393301468,0.8537076958210632,0.8624225861434884,0.9830785195733258,0.9730913942958899
1.0,-0.388958805817699,-0.3931112094761244,-0.3845292514812419,-0.39664537774251213,-0.3565950109720447,-0.3821606626309514,-0.3434045598886482,-0.39453747408252354,-0.4159214659090648,-0.4158701919729286,-0.38968354819253054,-0.38366714283366643
2.0,0.049874384537283115,0.05336514095318899,0.05480048437774895,0.04928851997436959,0.01738972865626569,0.03072981140505558,0.02623032502638058,0.02140768949616987,0.03192956938946759,0.03074167523050047,0.017788684215373395,0.017295922102789997
3.0,2.8481264558661783,2.8526159863571365,3.043607516080345,3.019928415805407,5.010279787690253,3.6147532007138587,4.97587006633288,3.4542226868062214,3.1560501240291066,3.147740303981106,3.580792354146179,3.50753132796134
