#kernel,ldk #5,ldk #11,ldk #19,ldk #24,ldk #37,ldk #41,ldk #44,ldk #46,ldk #50,ldk #52,ldk #56,ldk #58
0.0,0.8373456885857942,0.8515593437589337,0.8630953535252207,0.8456058271182351,1.2176975346639827,0.9082992415816379,1.2242651161190223,0.9017312518780275,0.8492723072002757,0.8618369045389809,0.9792133743170996,0.9670674271317841
1.0,0.0504752121894002,0.049973512713284485,0.05326882642845324,0.04837585739967614,0.014720615293457435,0.02977434825390039,0.02686772534283476,0.021133934233642064,0.030578181353084443,0.029850961949988555,0.01677384184644832,0.015945306703433207
2.0,-0.3890844640305784,-0.3959354820693931,-0.3874811941248912,-0.3968614566305307,-0.3585671819268055,-0.3819975068627566,-0.33954415695713225,-0.39225830707098763,-0.41653645289762875,-0.4163199498577907,-0.39007052898744304,-0.3842494300129796
3.0,2.856957103495273,2.852139403988659,3.062005727802974,3.019926995736333,4.9903284144919136,3.609924462582958,4.922638808061665,3.436042128261286,3.154952448758515,3.15308536086521,3.584078679316164,3.5081282251587456
