#kernel,ldk #5,ldk #11,ldk #19,ldk #24,ldk #37,ldk #41,ldk #44,ldk #46,ldk #50,ldk #52,ldk #56,ldk #58
0.0,2.842632432026041,2.849339211583597,3.0411525334572613,3.0077730206276057,4.995916624282121,3.6061628931234258,4.947771842879279,3.4445791489137245,3.1306729156479403,3.1149862573163905,3.5670990672477427,3.502086351443626
1.0,0.04760798342913621,0.049734782623016685,0.052113466189324414,0.04759802652565701,0.016367965724157364,0.028400587931706137,0.025088355301452443,0.01941027137067318,0.02932363159010311,0.029037312101537864,0.016280836380097953,0.015265836019639283
2.0,0.8336921728457359,0.8521195671944298,0.8593466037723861,0.8417587377627026,1.2183280389719318,0.9082095360623446,1.224796967082841,0.9009244295347197,0.8436850470859203,0.8529490949969416,0.9753083141653955,0.9662894992893568
3.0,-0.3904257386890781,-0.39629603117756085,-0.3865510371960846,-0.3969734804143846,-0.3563244923539542,-0.38311828331887526,-0.34237014242894126,-0.39516443275333957,-0.41523129850819396,-0.41376812521068934,-0.39017345212601795,-0.38516645368013896
