#kernel,ldk #5,ldk #11,ldk #19,ldk #24,ldk #37,ldk #41,ldk #44,ldk #46,ldk #50,ldk #52,ldk #56,ldk #58
0.0,0.050499188836767045,0.05540876616929195,0.05309924955143498,0.054506523515612255,0.017108976659258156,0.029077529201562723,0.02590685379732942,0.01937594614006989,0.02997451232850253,0.02921752129990253,0.02204044707099737,0.015789383727430505
1.0,-0.3882460576499589,-0.3891150763043357,-0.3848753645529291,-0.3895018444620827,-0.35539745430058245,-0.38315423119354103,-0.34352148135773247,-0.39415897039297526,-0.4133138264984294,-0.41596345414497876,-0.3837225221654829,-0.3834862805069058
2.0,2.8595740512152967,2.86367200599451,3.046801678945937,3.0255029371727615,5.001050938506126,3.6241069902550804,4.982165632057607,3.4614225753704306,3.139989595158551,3.1535129087103493,3.590559158039513,3.5109807114067153
3.0,0.8404252291080233,0.8594697469949346,0.8598450649578839,0.8498659087219711,1.2169114459294108,0.9121926817196556,1.2306756526424028,0.904951525012415,0.8460444405490972,0.861974335719444,0.986168039737756,0.9700910187051694
