#kernel,ldk #5,ldk #11,ldk #19,ldk #24,ldk #37,ldk #41,ldk #44,ldk #46,ldk #50,ldk #52,ldk #56,ldk #58
0.0,-0.3887345641943353,-0.3931569243841881,-0.38736500504446475,-0.397077528211619,-0.3552498725049256,-0.38170180531649023,-0.3412020188178541,-0.393548512780567,-0.4165248915077911,-0.41640775611212594,-0.38425867620744913,-0.38676477138449106
1.0,0.8397795478935903,0.8550140444178463,0.8657254100709656,0.8448922274389008,1.2175383969753528,0.9082962552754166,1.2250428096065662,0.902419500179033,0.8475310253615478,0.8584351398147275,0.9806333815910901,0.9692352789944303
2.0,0.049443475465251394,0.051210283668604625,0.05291591334946767,0.047234582913062956,0.01780573350988033,0.029336136068003588,0.02653790578684083,0.02008596309785735,0.029507555310160152,0.028907431228331847,0.02139161847520964,0.014747898184198055
3.0,2.8612011111220808,2.8592523118027326,3.0462051704886335,3.009854694279816,4.975402323851005,3.59179406394745,4.932980685126603,3.437394994055058,3.157269180043369,3.148206900024791,3.587459055071876,3.5299537432036394
