#kernel,ldk #5,ldk #11,ldk #19,ldk #24,ldk #37,ldk #41,ldk #44,ldk #46,ldk #50,ldk #52,ldk #56,ldk #58
0.0,2.8368280187657158,2.8422845469484668,3.018367629469086,3.0068353849587357,4.955755665535666,3.574896285650848,4.913653982059496,3.422832156571741,3.1085510920208574,3.1242912039576782,3.5740948408258437,3.499237238012672
1.0,-0.39253104430802926,-0.39370914704993265,-0.3894058684971128,-0.39371578772701477,-0.35779785785818896,-0.385004500980492,-0.3443514181183645,-0.39804377881033665,-0.4177198083518354,-0.42044784849269307,-0.38930183173512867,-0.3900050085833354
2.0,0.044424246779974294,0.049151402543051975,0.04683074838546989,0.048508313003339465,0.012055070461389532,0.02289399046029573,0.020785507445021154,0.014430733002122383,0.02350454424292287,0.023229005172357178,0.016162427488358607,0.009462681198581784
3.0,0.8319780882327478,0.8495680470937128,0.8504635245772627,0.8424763969877516,1.203402382300583,0.8989252884059769,1.2091240669765855,0.8921316456022891,0.8324799153056764,0.8492902119856104,0.96940801334078,0.9544992945036427
