#kernel,ldk #5,ldk #11,ldk #19,ldk #24,ldk #37,ldk #41,ldk #44,ldk #46,ldk #50,ldk #52,ldk #56,ldk #58
0.0,-0.38841497645766837,-0.39331342595434876,-0.38646009064092757,-0.38577709682777794,-0.3560165103883142,-0.3846996114596356,-0.3427966294025764,-0.3960206424764511,-0.4070678094246866,-0.4088394554430757,-0.3872805546208621,-0.388162739856806
1.0,2.85057693923185,2.872651783603408,3.037325669255237,2.96250994793797,5.011541372936621,3.6228752140943925,4.970502602599494,3.452050310228442,3.1375807173529475,3.143957370087561,3.5904567361189352,3.5281029604599956
2.0,0.8327451760113775,0.8572717713425433,0.8590709442815531,0.8345634474113808,1.2173319795590867,0.9106171162852091,1.223397999313421,0.899838086582963,0.8462405050143214,0.8613997255502966,0.9811947993425083,0.9692097031042377
3.0,0.048995108548070834,0.05378681464571622,0.05255964464946031,0.052400704242316666,0.016839622674179745,0.027759057139759,0.025460029879296527,0.018552780674969148,0.034843166457440435,0.03393678952073477,0.017522540894883448,0.012044476044911129
