#kernel,ldk #5,ldk #11,ldk #19,ldk #24,ldk #37,ldk #41,ldk #44,ldk #46,ldk #50,ldk #52,ldk #56,ldk #58
0.0,-0.3905539151523845,-0.3974788192730532,-0.39382411437971393,-0.3892356889884122,-0.3607349551007752,-0.3900383794424788,-0.34841838563364147,-0.39873478429199416,-0.41593702577632724,-0.41569399902008347,-0.3925735403673992,-0.3843827766750723
1.0,0.04565344824097716,0.04678310918679805,0.04193636274310549,0.0437871152565028,0.008089450986432859,0.017718992621783832,0.017574305996394427,0.015271433195065123,0.026918944997362432,0.027347045288464482,0.010370623018647216,0.012356043258820391
2.0,2.7386202170346694,2.7810060984283944,2.8760263078995965,2.857035933700803,4.850238269086303,3.436199729947121,4.862461267210642,3.3678980404503016,3.039506472207095,3.0456626376029106,3.521010897427592,3.4503199856510025
3.0,0.8240633167216028,0.8398522410961335,0.8395934553179267,0.8120317350752967,1.1886322182934799,0.8858509975648272,1.1996859596156326,0.8847813454633743,0.8355747162442575,0.8466868127229765,0.9552799454534621,0.9515709907008433
