#kernel,ldk #5,ldk #11,ldk #19,ldk #24,ldk #37,ldk #41,ldk #44,ldk #46,ldk #50,ldk #52,ldk #56,ldk #58
0.0,-0.3890967184232862,-0.39051088184822347,-0.38587266318464547,-0.39073427072146677,-0.35772501251437167,-0.38228498170007974,-0.33997472162687803,-0.3942844989055138,-0.414690351765247,-0.4173616698501574,-0.3853281702000564,-0.3875453004674016
1.0,0.051296970306310544,0.05632210714480404,0.052831062176218,0.055027191030445934,0.01540182481809517,0.02991041662635077,0.02659425244734992,0.02032019125556613,0.029736965288367046,0.0290830559448835,0.021106017784211898,0.014935792428315822
2.0,2.8542409814224246,2.8522668263920186,3.0386025029404595,3.030902494542513,4.9842138072903985,3.6108270670403235,4.931790271555631,3.449361493198316,3.1314690563414787,3.14779039147031,3.56818711302827,3.507670181038205
3.0,0.8399285045403102,0.8582098336415036,0.8609186878243649,0.8549136714687403,1.2182676888678394,0.9107279668092664,1.2250046668814765,0.903241559867286,0.8431309727877537,0.8610152217654821,0.9727776188089603,0.961339269695959
