#kernel,ldk #5,ldk #11,ldk #19,ldk #24,ldk #37,ldk #41,ldk #44,ldk #46,ldk #50,ldk #52,ldk #56,ldk #58
0.0,0.04913394640122703,0.05310297819940718,0.05121231121401256,0.052754544792660216,0.016216310938702072,0.027926043146566822,0.02447455416270302,0.01776363324777984,0.028021299675488654,0.026860285606955015,0.019521547492371817,0.013917697205536888
1.0,-0.39107311208001216,-0.39261803895841185,-0.3845306526097755,-0.3925106078811156,-0.3561794339782303,-0.38336833241129153,-0.34308588751725416,-0.3972644425611666,-0.4165896804606735,-0.41962672324277,-0.3852455482160487,-0.3861811477472851
2.0,2.855638918862754,2.855255901079418,3.018824778415125,3.0222179432358005,4.997063938462266,3.605220083406346,4.954709815422695,3.4504825660444416,3.130185895422417,3.1446036492586815,3.569225711417492,3.5030247325476958
3.0,0.8384939009999084,0.8579815345100491,0.8536920972516545,0.8495111547805275,1.2151012652426936,0.9067485674729406,1.223349117955627,0.9015214221514077,0.8428769664653639,0.8595581428547703,0.978990847298605,0.9658411201253446
