#kernel,ldk #5,ldk #11,ldk #19,ldk #24,ldk #37,ldk #41,ldk #44,ldk #46,ldk #50,ldk #52,ldk #56,ldk #58
0.0,-0.3840568347353859,-0.39110443941407286,-0.38646429465888915,-0.39108504909387987,-0.35598072173657447,-0.38433494256485273,-0.34237827580018354,-0.3956259178505863,-0.4159030001598492,-0.4179177128865349,-0.3856116590517274,-0.3881066824951739
1.0,2.8608815085954733,2.8615093534491587,3.0344528370507624,3.0159993662328497,5.006763125479221,3.622459805554498,4.964809571537776,3.4502605157346258,3.139589809782157,3.1475407133516273,3.5855873990413936,3.527172777714594
2.0,0.843592803351099,0.858110631904796,0.8575230173847033,0.8489630111206424,1.2209762921751364,0.911738296844447,1.2287999626531092,0.9032129563655631,0.8426632933587785,0.8583578299694102,0.9813323228720919,0.9702929756922588
3.0,0.05459827180828921,0.054564681579707154,0.05156031959670943,0.05420214415770621,0.017232284504967853,0.028645953807571546,0.026312593850623376,0.01989100691248745,0.02818500737724264,0.027556823220888916,0.020558815740309898,0.013960344566642361
