#kernel,ldk #5,ldk #11,ldk #19,ldk #24,ldk #37,ldk #41,ldk #44,ldk #46,ldk #50,ldk #52,ldk #56,ldk #58
0.0,-0.3914561806862628,-0.3950019789969085,-0.38648886222537954,-0.39097086339232007,-0.3559147420804908,-0.3843899931682301,-0.3424002622357068,-0.3955212167520396,-0.4150631689625823,-0.41770582571088405,-0.3853417716291296,-0.3877161175748451
1.0,2.8609299454964634,2.852174818723665,3.0376205372230913,3.0214377469308644,4.990868982246793,3.618158878561648,4.951153581561467,3.4516713622582396,3.1278153826470376,3.1442730654574933,3.580863646242256,3.5223125904822115
2.0,0.8397753732119587,0.8532482845738105,0.8580127833496639,0.8495164937019016,1.2161700166397775,0.9102039782047844,1.22460517142856,0.9024232368136735,0.8423712318942758,0.8591479216295621,0.9811425831002639,0.9705959787735166
3.0,0.048040196810072565,0.04959304048457515,0.05047291496393693,0.05269075581304646,0.016116565353752114,0.02739301396091052,0.025235379728646177,0.01864258451481189,0.028180776679719074,0.0275324378151086,0.020529860012713574,0.013984856359212006
