#kernel,ldk #5,ldk #11,ldk #19,ldk #24,ldk #37,ldk #41,ldk #44,ldk #46,ldk #50,ldk #52,ldk #56,ldk #58
0.0,-0.39095246657552835,-0.3929524060142172,-0.38358082491445555,-0.3953709710355035,-0.35849850173934567,-0.3809741222512372,-0.34193495652314243,-0.39184474548686543,-0.41470844522764627,-0.4103591327229044,-0.3857728550654962,-0.38270143149473024
1.0,0.8360435905895424,0.8569905226650147,0.8646549922843176,0.8472308692884561,1.2133035085805717,0.9118366332412502,1.2241069586212099,0.9046867511716852,0.8545130066871046,0.8587037714857975,0.9818723979225035,0.971332850967568
2.0,0.046378324059072405,0.0517968362393932,0.05527165753163394,0.04987378768806185,0.01622782632600125,0.03165893140731777,0.028191822213553937,0.02256128398829911,0.03253064656115372,0.03148986270663632,0.018753718725604003,0.01631113983857963
3.0,2.841822624981818,2.850175337590857,3.042128023125212,3.014601558013875,4.997273639684392,3.6131295994755686,4.9586534780087135,3.4432754323344468,3.1581359940825364,3.124594401751898,3.5685172405240846,3.5011998257441097
