#kernel,ldk #5,ldk #11,ldk #19,ldk #24,ldk #37,ldk #41,ldk #44,ldk #46,ldk #50,ldk #52,ldk #56,ldk #58
0.0,-0.3904190177046229,-0.39511387215233224,-0.386803610310947,-0.3917933951360239,-0.35625987053627534,-0.3829944100236777,-0.3428929556697922,-0.39366290972576307,-0.41568474890616647,-0.4185283534510323,-0.3861069263410172,-0.3882264273372678
1.0,0.04897968385358442,0.050292231736109264,0.05065920328667705,0.0523831830094987,0.015852321713554843,0.028163897546607385,0.024821697805498727,0.019406836047164467,0.02755576165646145,0.026724316674030947,0.02004015302542261,0.013474979357194456
2.0,2.858862430391635,2.85614801163894,3.0391469433859046,3.0262490603469336,4.987582659280554,3.6046976655301246,4.9463945908543945,3.4355505629399894,3.1287399134360685,3.1417671145087724,3.5780720667848938,3.5196577923936276
3.0,0.8364726889983225,0.8511269596619729,0.8587308160004343,0.8513307953070062,1.214073419467986,0.907659610695987,1.2221145275855039,0.8988975056783015,0.8396392620532516,0.8562171965822615,0.976532432518924,0.9654326565673581
