#kernel,ldk #5,ldk #11,ldk #19,ldk #24,ldk #37,ldk #41,ldk #44,ldk #46,ldk #50,ldk #52,ldk #56,ldk #58
0.0,-0.38962306012406434,-0.39124120889496994,-0.387101610857611,-0.39142271045275284,-0.3560940784524753,-0.3830564886090961,-0.34034278464936596,-0.39469062241600383,-0.4149611573004502,-0.417571323316179,-0.38400666263256417,-0.38787439650786054
1.0,2.8489353388538143,2.8598423631134997,3.0370153355230123,3.0204407363755803,4.991352137313761,3.6022395260279434,4.92251929463372,3.4417505635004835,3.1300028626270633,3.147088421518941,3.567813930861996,3.522806443167045
2.0,0.04737685964935802,0.05307295922585367,0.05097632207555112,0.05342441442203579,0.017074476423744416,0.02784665071094312,0.026241010016979236,0.019399714737539715,0.028417443282847888,0.02817717114083483,0.0197404508051864,0.01343907165578578
3.0,0.8377522612574163,0.8595540120677676,0.8575392446835597,0.8513924877946778,1.2188884329051226,0.9071800230173497,1.2197344606955054,0.9019226219601684,0.8430345048883187,0.8620259238994848,0.9800994704145675,0.9723369082397123
