#kernel,ldk #5,ldk #11,ldk #19,ldk #24,ldk #37,ldk #41,ldk #44,ldk #46,ldk #50,ldk #52,ldk #56,ldk #58
0.0,0.04834953273631115,0.05291465745113904,0.0517254263215238,0.050339104920046396,0.01652243287541495,0.02846455154899069,0.02435646681936372,0.02087587485026697,0.028122916352856377,0.0268370940824591,0.020615045987825157,0.014870065099773004
1.0,-0.3889086599982429,-0.3920326969052106,-0.38654935123530315,-0.3864466420267161,-0.35603240777494033,-0.3828273975092872,-0.3439541588710575,-0.39576774526454744,-0.41571019764653405,-0.4186532659457854,-0.384341374217954,-0.3880626618563056
2.0,0.8317832599933777,0.8522663128143144,0.8570849321584865,0.8313310215211103,1.2186724480290172,0.9059387467266176,1.2280230402910197,0.9070017822618875,0.8398790248203627,0.8555452151391879,0.977236987353602,0.9717621334100501
3.0,2.832489858981482,2.846160466102584,3.0371105590952996,2.9717797848239536,4.99095072793768,3.6004045787721415,4.964867508755175,3.4733406527326767,3.1232768095640884,3.137771852252676,3.5660105451989055,3.523881182576613
