#kernel,ldk #5,ldk #11,ldk #19,ldk #24,ldk #37,ldk #41,ldk #44,ldk #46,ldk #50,ldk #52,ldk #56,ldk #58
0.0,-0.38976225200728165,-0.3933561439910467,-0.39002792737148484,-0.3942330042697111,-0.3602404839882277,-0.38758464987650787,-0.3479301217922809,-0.39763393745345665,-0.4116033379520162,-0.41200783112183176,-0.38987035848959395,-0.39251739823708465
1.0,2.8267948193699786,2.8219555224308235,3.0026378042316795,2.9789811175092935,4.9493717464550615,3.5657362548527565,4.927798400144013,3.4196477107929364,3.093266675211875,3.09497714134579,3.5302449086337515,3.4878331762365704
2.0,0.831969424836175,0.8513258084398229,0.8467326830192002,0.8370806116910581,1.2015874073003026,0.8951199444551429,1.2135494603656634,0.8941255450125369,0.8389955049963349,0.8526289219966295,0.9618424081062654,0.9536508057053118
3.0,0.0485791749332635,0.05256461888449103,0.04529404012299155,0.04796258295443077,0.01047464763210705,0.021895105970753174,0.019796690120453913,0.01729727383490078,0.030846415069763492,0.030872422597843546,0.014060078968890942,0.0075832196758569715
