#kernel,ldk #5,ldk #11,ldk #19,ldk #24,ldk #37,ldk #41,ldk #44,ldk #46,ldk #50,ldk #52,ldk #56,ldk #58
0.0,-0.3844544866520305,-0.3921599271566312,-0.38750956249038987,-0.38627541784894837,-0.3598124964782551,-0.38527686732198757,-0.34865737118850876,-0.3962160420246146,-0.4162020371196724,-0.4189136762465986,-0.38796673272082544,-0.3889958989760773
1.0,0.05320170147557531,0.05241720817887785,0.0501482567758085,0.05072614608939904,0.01432126745771608,0.02633217377656188,0.022897699724587623,0.02090867846944664,0.026437508012438948,0.02594299243665449,0.018204382523997833,0.011709561145145217
2.0,2.8611930443958813,2.8679047968119242,3.044863640899538,2.984947412450834,5.024444613969067,3.613115404500754,5.005307201151018,3.475313674620309,3.1404022844127595,3.1579893002323134,3.5958662229430027,3.5205424070121345
3.0,0.8455486912976959,0.8593129626566474,0.8612778007901611,0.8369418780088423,1.216864685437702,0.9096956229591407,1.2295153644630588,0.9087638368428144,0.8441269790902489,0.8608639909163156,0.980911382079245,0.966346565559252
