#kernel,ldk #5,ldk #11,ldk #19,ldk #24,ldk #37,ldk #41,ldk #44,ldk #46,ldk #50,ldk #52,ldk #56,ldk #58
0.0,-0.3897748382553388,-0.3930966773232693,-0.38667572703360886,-0.3912974370068852,-0.35613723080178816,-0.38456083053798884,-0.343615441720261,-0.398611909451008,-0.4153463594496823,-0.4180124925681186,-0.3857505816862448,-0.3879138539452509
1.0,2.846784762271609,2.873285147393987,3.034342454408323,3.0207499109738523,4.988948770900037,3.6141226616904176,4.965285651268238,3.475560930863793,3.1288058681065856,3.145505995692963,3.5852262406222173,3.525226279540665
2.0,0.04818631370538449,0.05323666704429668,0.05104909067822503,0.05238198158208136,0.016063724702090065,0.02734988205732504,0.024736968883444583,0.017922574788028854,0.02769801629117364,0.027140935629185983,0.019864351252168837,0.013573963759032387
3.0,0.8353986947350639,0.8582804618311924,0.8556034112528318,0.845116459574306,1.216233554455775,0.9084347527651905,1.2268005048982407,0.9045377691739751,0.8410165242672625,0.857533982499701,0.979974612416497,0.9695641700139342
