#kernel,ldk #5,ldk #11,ldk #19,ldk #24,ldk #37,ldk #41,ldk #44,ldk #46,ldk #50,ldk #52,ldk #56,ldk #58
0.0,-0.3865210214995539,-0.38946194240227744,-0.38655847920019115,-0.38574017702989116,-0.35635547001681755,-0.3843304782553921,-0.3435308193077211,-0.39489003894440655,-0.40653243468663874,-0.4178671041865351,-0.38669240026283414,-0.38810766472652636
1.0,0.8402958564563171,0.8607235259976804,0.8576773335611454,0.8360192581154307,1.2219979063991275,0.910251514474674,1.231801817977513,0.9116048084797842,0.8478427917367387,0.8542278182489663,0.9808693744485992,0.967359804857602
2.0,2.869254689132936,2.886564459835005,3.038527940037297,2.9827266928665437,5.001138146081377,3.613956664877002,4.972742032520167,3.477105787176094,3.1470196676394866,3.1504924846449645,3.603052516357733,3.5326962061468303
3.0,0.05398351261326483,0.058785239905313605,0.05097764031589393,0.05220548035305821,0.016602262383026246,0.027714405299506858,0.02547403769321855,0.022571176211467318,0.03706136200442218,0.027390690577330273,0.020347561569355545,0.013775326255711953
