#kernel,ldk #5,ldk #11,ldk #19,ldk #24,ldk #37,ldk #41,ldk #44,ldk #46,ldk #50,ldk #52,ldk #56,ldk #58
0.0,-0.3899663995520829,-0.3947503435739514,-0.3886344760830831,-0.39817015749056167,-0.35648825850211807,-0.38262294922189516,-0.34289289595779443,-0.39465048407807607,-0.4149394799304739,-0.417605670406783,-0.3850497520367852,-0.38485634221985193
1.0,0.049213932677153543,0.05053737825291474,0.052089675170822844,0.04656124205575917,0.017098896496141776,0.028646542814046078,0.026096278921654194,0.019469703594866702,0.028353242674250594,0.027941048312984464,0.02109338403930465,0.014496128248063633
2.0,0.8393218227074203,0.8534612980215889,0.86503209122373,0.8426749358325226,1.2199127390082964,0.9099081731778838,1.2276474664995523,0.9013716669939229,0.8428592832682889,0.8596866450243569,0.983505954944043,0.9665630450232223
3.0,2.8618286821719274,2.8605186976673256,3.059219449765397,3.024763538108178,4.993310837002296,3.611133945933602,4.958276550483545,3.45206008700831,3.1344393449723795,3.149980118085199,3.588275804011719,3.506658485109807
