#kernel,ldk #5,ldk #11,ldk #19,ldk #24,ldk #37,ldk #41,ldk #44,ldk #46,ldk #50,ldk #52,ldk #56,ldk #58
0.0,0.04925983585725118,0.04878446090280467,0.0524612346241841,0.04700654800322243,0.015586868453162522,0.02837714226476461,0.024464681658433223,0.019309801017739298,0.029116007820182897,0.028570872409545665,0.015674905493585727,0.015001399722669529
1.0,-0.38995070944681753,-0.39785938741824656,-0.3863304343652678,-0.3985113303527688,-0.3573516704798718,-0.3839070213351452,-0.3447040479166357,-0.3969693304761794,-0.4160720364585193,-0.41894651076813727,-0.3919123495961376,-0.3856713288019631
2.0,2.8456818100868224,2.8447995551937226,3.0412261242744085,3.0182774243003756,4.990365898980585,3.604990151246001,4.96326505551807,3.452729146446517,3.129415640568602,3.1437590589841244,3.5746943059895786,3.5003939968188127
3.0,0.8363446253202151,0.8505593881009029,0.8606759810367471,0.8436667999502339,1.2079399583074588,0.9056386781835899,1.2184920332857103,0.8988904623534902,0.8431823191363846,0.8599103056286149,0.9774470901440377,0.9665296550464952
