#kernel,ldk #5,ldk #11,ldk #19,ldk #24,ldk #37,ldk #41,ldk #44,ldk #46,ldk #50,ldk #52,ldk #56,ldk #58
0.0,-0.3886109290463571,-0.394047409290177,-0.3832124844236996,-0.3907169311037497,-0.3554967621277081,-0.3822391205989191,-0.3418312640166251,-0.3943531859141435,-0.4146001505690206,-0.4174000299695871,-0.390433786386387,-0.3843640268127089
1.0,0.8384327840320221,0.8537449897486024,0.855692168705671,0.851328020921949,1.2099164244650618,0.9055818717104928,1.2173884493057265,0.8984215899904432,0.8435116449059576,0.8596775246250234,0.9792372708094697,0.9679155984080803
2.0,2.844040563848894,2.84617191835144,3.018628183931373,3.0219694041409433,4.984942471558341,3.6008196789641285,4.9424924461916575,3.4386494514943444,3.127230331115314,3.1412966910172204,3.574472193592943,3.4989300742346026
3.0,0.050762568554448564,0.052009736383302835,0.05306003564001153,0.05477054939480119,0.017857667455902424,0.029892425861192527,0.026770750861039857,0.020716067785644072,0.030076601576148755,0.02860225067838626,0.016957808799386534,0.016361665098176815
