#kernel,ldk #5,ldk #11,ldk #19,ldk #24,ldk #37,ldk #41,ldk #44,ldk #46,ldk #50,ldk #52,ldk #56,ldk #58
0.0,0.04917401349121335,0.05872906579329241,0.05139520183929275,0.052191492013583723,0.01694285089830711,0.028204644379203985,0.025423168710175793,0.018628217234503853,0.028198883627245982,0.02715098920514895,0.020112121641582693,0.013863025856482967
1.0,-0.3883707314257962,-0.3887454662338105,-0.3867099336295588,-0.3886278615128607,-0.35601064029068724,-0.382692048693838,-0.3424199633689043,-0.3957474982201809,-0.4153359285626759,-0.418009085920355,-0.385747530700034,-0.38829953012185736
2.0,2.8451160200204213,2.8829919247234743,3.047233324667381,3.009307893766655,5.001442953244263,3.61005781689555,4.959218044834271,3.458007528025868,3.1354371677715887,3.1498763904325027,3.585134616363586,3.525872689612176
3.0,0.8373489806295843,0.8667945349588393,0.8602049551806962,0.8435828333798038,1.2239687332395863,0.9107651702311245,1.2314115760753357,0.904272314939827,0.8439519609175368,0.860216323712111,0.9794094943891125,0.9691415870295612
