#kernel,ldk #5,ldk #11,ldk #19,ldk #24,ldk #37,ldk #41,ldk #44,ldk #46,ldk #50,ldk #52,ldk #56,ldk #58
0.0,-0.3901760788266917,-0.39532772777447883,-0.38890405779801007,-0.39840361183453077,-0.3570035683272987,-0.3830455223838168,-0.3430541081592404,-0.3946870506157064,-0.41569071926602297,-0.41850088810416264,-0.39124446660259704,-0.38508583789269585
1.0,0.8336791072087673,0.8490416285472614,0.8648793168562414,0.8427827803930376,1.214324396207369,0.906113965675761,1.2217637775017895,0.8991357604360163,0.8378228430549893,0.8547942059650631,0.9744066860744693,0.9628643764372913
2.0,0.0492850199366056,0.0510830756092203,0.05284297778025108,0.047355551951665756,0.01680995025291366,0.02902463550618285,0.025749777567816833,0.02025601822669939,0.02889253776080024,0.028286951938313886,0.01557196948117187,0.014842116502496384
3.0,2.850014004220549,2.850479272012088,3.0589722004893662,3.017403142279877,4.99492096017121,3.605187628660028,4.951433309675814,3.4433773917264547,3.1255029535414107,3.140883592116695,3.574850938292442,3.49868616182612
