#kernel,ldk #5,ldk #11,ldk #19,ldk #24,ldk #37,ldk #41,ldk #44,ldk #46,ldk #50,ldk #52,ldk #56,ldk #58
0.0,-0.3909761851320655,-0.39352364677973156,-0.38837819507109916,-0.3910427533687844,-0.35555433696636424,-0.38239077440656394,-0.3418662630550179,-0.3940574840533411,-0.4171735915896444,-0.4171862835350769,-0.390443968500639,-0.384425723002238
1.0,0.8379522157819921,0.8550838691082435,0.8641523206360394,0.8503832879838051,1.2196712739194526,0.9079864586971484,1.2279395687853363,0.9019072474170392,0.8492905524785355,0.8607810182836442,0.9793028789610784,0.9677708996562293
2.0,2.847817164517357,2.8457457542808196,3.050104377749802,3.00833640525426,4.9914935756464756,3.5950658587762176,4.952714929838314,3.4364176402824858,3.1447687633229964,3.1401971649745146,3.575476549282432,3.500145068543269
3.0,0.0484864822985106,0.05207985712469139,0.05269074838403278,0.05445265984032839,0.017797522479453896,0.029343243277433793,0.026612588981310782,0.020443709567676924,0.030088614554588944,0.029198473354549268,0.016585376538306794,0.01592731880582987
