#kernel,ldk #5,ldk #11,ldk #19,ldk #24,ldk #37,ldk #41,ldk #44,ldk #46,ldk #50,ldk #52,ldk #56,ldk #58
0.0,-0.38446079642296965,-0.39151642937074027,-0.3869063124183486,-0.391484347254478,-0.3563705934264853,-0.38474667114716354,-0.3429795077055684,-0.3942795644379593,-0.40692697241842946,-0.418264531427328,-0.38706121708468105,-0.388473591542117
1.0,2.861606117127022,2.860148724816019,3.0406151418756093,3.023222399795978,4.992809571968997,3.615882705568635,4.954051698427527,3.4512997542827413,3.1441393582324695,3.1434412393569096,3.587693138729822,3.5207703224031905
2.0,0.05369031966981979,0.052754022043977514,0.05038148477316625,0.052632433262292694,0.01593687010265017,0.02719900737465983,0.024431684783160396,0.01951498925201416,0.03591226688503181,0.026050910436011893,0.01863068365537377,0.0119551624720166
3.0,0.8438246281285452,0.8583454147572439,0.8568646565552762,0.8508980056163334,1.2199304532321533,0.9112327215347612,1.2275610463185584,0.9032506861078271,0.8519492376158294,0.8580958920813373,0.9804282593504036,0.9662858719197942
