#kernel,ldk #5,ldk #11,ldk #19,ldk #24,ldk #37,ldk #41,ldk #44,ldk #46,ldk #50,ldk #52,ldk #56,ldk #58
0.0,2.8554702971726846,2.8569650080643596,3.0248411320346325,3.0191193153024836,4.99523435677606,3.596219443721916,4.940457904027587,3.4482298609857795,3.12639792731926,3.146168684525227,3.5806581255160315,3.5196907365475227
1.0,0.05092831081683084,0.05332723313301079,0.051493346848833374,0.053757676760065674,0.014093012193833913,0.029972492443659928,0.025814201209275096,0.020722131245936862,0.029315617840656467,0.029767089155922216,0.02255390917546602,0.015354384099242183
2.0,0.8398615493604911,0.856862504304894,0.8565979379328568,0.8501006056613671,1.2157206361646988,0.9062344251718732,1.222958537662799,0.9029176776224558,0.8418569003592158,0.8609718573597748,0.9832161754320036,0.9711223082451713
3.0,-0.3879901472516949,-0.39332502973478856,-0.38588818469992764,-0.39026761375199126,-0.3573517574238009,-0.379514669730397,-0.33974426559561005,-0.39379895596040937,-0.4143902086247124,-0.4169946509332154,-0.38462508284621993,-0.38705908716066106
