#kernel,ldk #5,ldk #11,ldk #19,ldk #24,ldk #37,ldk #41,ldk #44,ldk #46,ldk #50,ldk #52,ldk #56,ldk #58
0.0,-0.3902408655455607,-0.3911569889058231,-0.38682356451989236,-0.39158057253627,-0.3562984729654753,-0.3832000485244571,-0.34280250849149296,-0.3948727870306711,-0.41541891279440113,-0.41793871759312057,-0.38547619700495467,-0.38520961990579144
1.0,0.837983387627648,0.8566389562330108,0.858643566247706,0.8500581305310284,1.2145154889372578,0.9069394164910737,1.2230354057208397,0.9006739818959758,0.8429898663719297,0.8599045688503615,0.9831233299147722,0.9658380459921544
2.0,0.049223335640329616,0.053638854056356586,0.05077209087776317,0.05268612098916545,0.016007037670380805,0.02764270696941253,0.024766041850528674,0.01881528388803369,0.028548377031548118,0.028100917036993328,0.021045786936974512,0.014424968301256587
3.0,2.85402097317919,2.8579521727237287,3.036081311386212,3.021798734644154,4.994760142814809,3.605207233273531,4.956347396686795,3.444452829715737,3.1303352439570706,3.146668353406714,3.5834552676147986,3.5028359651053687
