#kernel,ldk #5,ldk #11,ldk #19,ldk #24,ldk #37,ldk #41,ldk #44,ldk #46,ldk #50,ldk #52,ldk #56,ldk #58
0.0,0.050331969012154774,0.053288270347415775,0.04589813425531167,0.04965109458934443,0.01235925341886512,0.022949749657014802,0.02199224821156268,0.01458700545886223,0.03183746597167597,0.022892365855354525,0.014872828348468337,0.007749890557241715
1.0,-0.38388317097798347,-0.39081809626057573,-0.38797825771498584,-0.3921504446958773,-0.35688293696937956,-0.3858363185396026,-0.34295152654024935,-0.3972550077307863,-0.40871807662772375,-0.4198208382191214,-0.3874026180127699,-0.389994207311964
2.0,0.837574153256608,0.8615979042779351,0.8546252022533983,0.8486769206931081,1.207767543222585,0.9058092077383555,1.2148090087811867,0.8956222060318216,0.8450734772577996,0.8541297731102994,0.9663910175325596,0.9550047300666326
3.0,2.8399169214505933,2.868079597423649,3.0321010222855937,3.0191122770507435,4.964581568146611,3.605577923530835,4.9198204156386725,3.434442315250531,3.134732663224769,3.139105065775629,3.5752061126078876,3.5178290680602893
