#kernel,ldk #5,ldk #11,ldk #19,ldk #24,ldk #37,ldk #41,ldk #44,ldk #46,ldk #50,ldk #52,ldk #56,ldk #58
0.0,0.04697050074159189,0.052410876311786515,0.05035563828834249,0.04511896003115268,0.015551675786376479,0.026527229430868927,0.02480056705920228,0.01795042054871814,0.0267743673046634,0.026647839056593507,0.018839998818658853,0.0123121816755926
1.0,-0.39062819133448456,-0.39150459775840785,-0.38678052019063314,-0.3990269510228771,-0.35627005182651394,-0.38327874341808305,-0.342277127015886,-0.395128359720771,-0.4158453113966572,-0.4184395005652164,-0.3844317493212043,-0.38842771893265277
2.0,0.8359745033215763,0.855608401088405,0.8574227521884137,0.8423548130526058,1.2148885664792777,0.9059181414486315,1.2213227978139083,0.8992500787344302,0.839683391426481,0.8569138198644696,0.9747179803460607,0.9680894805473719
3.0,2.851126477287107,2.851105306760722,3.0334070545296887,3.0108449215895234,4.985770100576065,3.601029420680055,4.94083295367588,3.440414153768088,3.1241390567060323,3.1402357863444847,3.5636641730816927,3.520596141151022
