#kernel,ldk #5,ldk #11,ldk #19,ldk #24,ldk #37,ldk #41,ldk #44,ldk #46,ldk #50,ldk #52,ldk #56,ldk #58
0.0,0.047545924429455266,0.05108564514989614,0.05232982860207576,0.05362940094444034,0.014285164078461246,0.02859349223208374,0.026377806579356032,0.019797745844438573,0.029192711653253624,0.027753134449440733,0.020879550988623763,0.014545257933718268
1.0,-0.391161492647284,-0.3943773844490034,-0.3876235124255464,-0.39160088193452625,-0.35839124544353007,-0.382840469043184,-0.34023142558502706,-0.3934035241821234,-0.41522921708158633,-0.418299313760108,-0.3857305879625929,-0.3852966237417668
2.0,2.844521934319565,2.8477536190378037,3.0450479890164344,3.022013439393194,4.980556960165166,3.6044144533885603,4.923090666963016,3.4299678983347834,3.1281745641247056,3.1425147303363508,3.577735993377305,3.497672069570768
3.0,0.8345322836441443,0.853672617055576,0.8621072189875457,0.8508615540324086,1.2133462201896819,0.9082283169672799,1.2197459650007931,0.8983110804492322,0.8427800778532578,0.8595456660146007,0.9818479844014347,0.9647169523855464
