#kernel,ldk #5,ldk #11,ldk #19,ldk #24,ldk #37,ldk #41,ldk #44,ldk #46,ldk #50,ldk #52,ldk #56,ldk #58
0.0,-0.3912086678394896,-0.3960616539261469,-0.387924740564437,-0.39770599579498456,-0.35617411484812433,-0.38200332457154085,-0.34246161593376045,-0.39381531936155845,-0.4174491432589675,-0.4172243706433623,-0.3907695018144064,-0.3849503945404415
1.0,0.8316884095073619,0.8476072504098299,0.8605525107358805,0.8400967808879466,1.2088044682090409,0.9020950356971957,1.2167054486423114,0.8954557493158929,0.84423744998365,0.8556890944238842,0.971437797112518,0.9601331927377599
2.0,2.812223085268925,2.823878682789247,2.9954736952280765,2.9838045723310196,4.949498658049129,3.5566748192449613,4.9153414091185565,3.4048497668595132,3.117982515751875,3.1185605059328534,3.550449900982952,3.4719852683899695
3.0,0.047807201990571625,0.04969355224052697,0.05298756743857011,0.04769409212163309,0.015896451666434105,0.028956252096598734,0.024973565397563874,0.02049792935570864,0.029727442039854064,0.029106392834377697,0.016108066300268772,0.01511867977832196
