#kernel,ldk #5,ldk #11,ldk #19,ldk #24,ldk #37,ldk #41,ldk #44,ldk #46,ldk #50,ldk #52,ldk #56,ldk #58
0.0,2.8584994877972503,2.8770719004774445,3.0447644156374163,3.030345622789712,5.006902117424394,3.6268596868804357,4.975019951824647,3.458620422350412,3.136389550025588,3.1449294990910865,3.5914512487469366,3.5264924768892425
1.0,-0.38390812004770564,-0.3934791210336512,-0.3863980839689589,-0.3913790231516343,-0.3562830699804116,-0.384254563023545,-0.3434378608298629,-0.3955745594808806,-0.41571574827060936,-0.4177400203381932,-0.38659018143065155,-0.3880124149800804
2.0,0.05510714303120722,0.054831153298865176,0.05184684299498174,0.053763504624158055,0.01673791907497887,0.028486128812630813,0.025640302451869476,0.01946585730393463,0.0284969771195697,0.027895829411864508,0.020792187092268665,0.014294723456515064
3.0,0.839108397182423,0.8568745920452178,0.8561841269762341,0.8465213954040667,1.2210842878255357,0.9110903496655408,1.2303329828669882,0.9015660246589803,0.8401095584020658,0.8543619619145151,0.9812751421852622,0.9691812887177069
