#kernel,ldk #5,ldk #11,ldk #19,ldk #24,ldk #37,ldk #41,ldk #44,ldk #46,ldk #50,ldk #52,ldk #56,ldk #58
0.0,2.8373599745911555,2.8286234489921522,3.0051017917712883,2.9750911281699115,4.965151551970678,3.5643848870516748,4.924707644765914,3.415090317867966,3.113321507972805,3.1123782636321566,3.5561501569791796,3.507843211721879
1.0,-0.38920743116479306,-0.39270977874307667,-0.38965033454425824,-0.39364490678411246,-0.36014776818493144,-0.3872032964549878,-0.3465435017682897,-0.3972273941349989,-0.41100353756347374,-0.411429022448579,-0.38935245408127533,-0.39204099169289053
2.0,0.04798014844593892,0.053022573500435946,0.045742574748064,0.04778728191853766,0.011084556916215852,0.022595524218692056,0.020548359663445263,0.017918806752361,0.03126958885932443,0.03147160510267688,0.014350857494466622,0.007706262704027223
3.0,0.8371373504463301,0.8569770660804725,0.8522248263510157,0.8421998473287847,1.205725638095882,0.9003201267375043,1.2139372694672645,0.9001219677875482,0.8440902356580557,0.8574123094808888,0.9683193159808806,0.9591886624847595
