#kernel,ldk #5,ldk #11,ldk #19,ldk #24,ldk #37,ldk #41,ldk #44,ldk #46,ldk #50,ldk #52,ldk #56,ldk #58
0.0,0.04545754432502608,0.04758101686192274,0.04960811988940376,0.0449563190373062,0.011990623062409979,0.026849755729572204,0.024294858135344276,0.018159126473694165,0.025886412216681195,0.02527912877512828,0.018178306867178917,0.011306452475139759
1.0,0.830414424892026,0.8480639911276076,0.8495734476368162,0.838095921199192,1.2019333561699965,0.8973998100976384,1.2105390595245415,0.8902297721267158,0.837186023918928,0.8538403222585277,0.9710434765765406,0.9577731580934585
2.0,-0.39228762227963965,-0.3979520078977003,-0.38559212335612725,-0.39822980906543487,-0.3605140041138718,-0.3819858348617634,-0.3435868511826527,-0.3952125732410615,-0.41697244755013757,-0.41965418359570494,-0.38551096634813026,-0.38677744518928553
3.0,2.827607343350281,2.8327941958728977,3.0049517878488685,2.9910808131667843,4.970848828050865,3.5672233977497654,4.928792415424522,3.4163977876631217,3.1111162785950572,3.1275926288668705,3.5524724595083943,3.484813794842031
