#kernel,ldk #5,ldk #11,ldk #19,ldk #24,ldk #37,ldk #41,ldk #44,ldk #46,ldk #50,ldk #52,ldk #56,ldk #58
0.0,-0.39055594964463775,-0.3947570681045498,-0.3870717036652106,-0.39154267871565646,-0.35612180047446,-0.3850814657736352,-0.342033819457717,-0.3963573154905003,-0.4160082980783683,-0.41878144445977555,-0.3863252469572932,-0.38844876649529725
1.0,0.8350369159824402,0.8609530994592779,0.8595019828045756,0.8520402839651869,1.2188906802504853,0.9106334834025454,1.2259050287098079,0.9031162326023742,0.8409805310432769,0.8581586633261378,0.9820098626076363,0.9705874314841674
2.0,0.046664409942921294,0.052087231219766515,0.05015692987295097,0.052503046279727704,0.016051155371492678,0.026515382268348514,0.025246085784390714,0.01763200141942493,0.026819477441480655,0.026041716408955855,0.019445174318965665,0.013042635741184992
3.0,2.8513604911156647,2.874693921394939,3.0397199254054406,3.0203354411042636,4.994520942466398,3.6154623412825266,4.946247932472535,3.45025457547735,3.1299575031697393,3.145318278862416,3.587701318160763,3.5278289812162487
