#kernel,ldk #5,ldk #11,ldk #19,ldk #24,ldk #37,ldk #41,ldk #44,ldk #46,ldk #50,ldk #52,ldk #56,ldk #58
0.0,2.8404616176397193,2.8483572906177494,3.035082632363027,3.006679485839918,4.9670528403113385,3.581326756933152,4.97161577004304,3.4336906712056923,3.1507190490187416,3.1154895154483677,3.5688632937439633,3.5028141469356107
1.0,-0.3898855969744866,-0.39563571823926674,-0.3852771277712463,-0.3959071833663954,-0.3562805128175726,-0.3838209917040603,-0.3424386573457564,-0.39212596387178505,-0.416950823231796,-0.4128728310867271,-0.38926093310799365,-0.38418108561702263
2.0,0.04814008374974994,0.05017165649260858,0.053810006207091816,0.04862771147360718,0.015947747439810728,0.025849424564628236,0.02837295325349219,0.02132326054982319,0.030686254423144717,0.02972262146476365,0.01715882140746474,0.016577404118188317
3.0,0.8335428928441914,0.8520853109422308,0.8603938492302708,0.8419582801432617,1.2131508453514734,0.9001677747726005,1.2348384950399134,0.9000180758273191,0.8502358929096917,0.8535381114912866,0.9756488247961173,0.9671918920644741
