#kernel,ldk #5,ldk #11,ldk #19,ldk #24,ldk #37,ldk #41,ldk #44,ldk #46,ldk #50,ldk #52,ldk #56,ldk #58
0.0,-0.3890347003514661,-0.3945005144149805,-0.38389087819135675,-0.39500352962737867,-0.354793462886215,-0.38294517246012866,-0.3414967477085178,-0.39128336509517375,-0.41608901857608294,-0.41617154014212226,-0.38861520844750813,-0.38337443981820135
1.0,2.850722872710231,2.853524982274893,3.0476352548140646,3.013409430915093,4.997696798044426,3.5904253987656785,4.956732982248042,3.441515465896219,3.157611548029577,3.150999405633475,3.5764407798799245,3.50951491269648
2.0,0.8391355652532801,0.8559221618430921,0.8646583819407633,0.8456371063835378,1.2188141222410676,0.9041169177630602,1.2269606630718912,0.9038010142034696,0.8529500109154348,0.8640833980090434,0.9810616091058658,0.9718297652749167
3.0,0.04960545153498559,0.051246747006054784,0.05481668430864022,0.04910100700299811,0.01839655539260313,0.026675945551926507,0.027127168232689045,0.02200278673609564,0.031182783775935793,0.030167215353697943,0.017506723658182066,0.01676171154293932
