#kernel,ldk #5,ldk #11,ldk #19,ldk #24,ldk #37,ldk #41,ldk #44,ldk #46,ldk #50,ldk #52,ldk #56,ldk #58
0.0,-0.3838793655118304,-0.39343874550968305,-0.38631895294677593,-0.3909814181215829,-0.35585702141292946,-0.38418964568626823,-0.3434218444217466,-0.39553193758723554,-0.4156709458187037,-0.41772160516700857,-0.3865796978612237,-0.38797977591256283
1.0,2.860516433456301,2.8710228564589912,3.041221676321358,3.0226663434587913,5.002501973850856,3.6283087341066476,4.975538636102737,3.4537177740740286,3.1338437821105796,3.1425180902968206,3.5945944293206287,3.5261407871220674
2.0,0.8422261706008113,0.8599198108919088,0.8581569006036908,0.8480672760251536,1.2175927007644944,0.9123690423287025,1.2284010661140854,0.9009672077746639,0.8417839036095689,0.8564699842409694,0.9830541150403972,0.9696029224393564
3.0,0.05485749702641557,0.0546982308565731,0.05165232904997548,0.05347664896528424,0.016569998134648975,0.028305788926398665,0.02573636591574559,0.019273253658095003,0.028430628785953344,0.02780095543202354,0.02052605627567023,0.013880821255765254
