#kernel,ldk #5,ldk #11,ldk #19,ldk #24,ldk #37,ldk #41,ldk #44,ldk #46,ldk #50,ldk #52,ldk #56,ldk #58
0.0,-0.39350120309844233,-0.39938648841408025,-0.3891345218056927,-0.39359937017176316,-0.3582799092062092,-0.38502327123530816,-0.3449884342682588,-0.39745025370736525,-0.41759646045107923,-0.42060878984187927,-0.38783402529862737,-0.38992669291877236
1.0,2.8388833121723325,2.8373430167888114,3.029825961096213,3.0057004199277237,4.955868635729429,3.5791631373658768,4.917348743235327,3.418830846702452,3.1053164743351616,3.1205168337205014,3.5708633416099094,3.5130755157878637
2.0,0.045650744223082046,0.0458998153660474,0.04947461051209034,0.04982049179091836,0.011865542279096447,0.02487954033348346,0.020859068140639026,0.016001592431625508,0.024799115429004707,0.0235781436747052,0.01730166218131238,0.01104910979343941
3.0,0.830552443006222,0.8455787969740347,0.8545379586528964,0.8436464890788345,1.2004618397417437,0.897105521356028,1.2087155828103509,0.8900332868944029,0.834837454551391,0.8512715399501323,0.9688455906584139,0.9580246529230811
