#kernel,ldk #5,ldk #11,ldk #19,ldk #24,ldk #37,ldk #41,ldk #44,ldk #46,ldk #50,ldk #52,ldk #56,ldk #58
0.0,-0.38836761807139897,-0.3909528328733404,-0.3890368110031487,-0.3932433967920348,-0.35818283907621384,-0.3860740544230402,-0.345792987581551,-0.4001788621059433,-0.41037028956199817,-0.4203483783459148,-0.3888229598858113,-0.3898154266336153
1.0,2.8496653593594057,2.8502856758852575,3.0169225770275125,3.0147875554026036,4.9834526970720665,3.5969452563844158,4.962827793267823,3.4561436533205883,3.1280086163659404,3.116104233054922,3.57067440361158,3.5024480724631126
2.0,0.8356755028215761,0.8550302973475371,0.8499523059552843,0.8401966047674895,1.2084347338652528,0.9011170043115779,1.2199437696635202,0.898532463318432,0.8447796679316044,0.8476439342619995,0.9705566382428902,0.9573690641329675
3.0,0.05056355634610492,0.054773453115933166,0.04734252754006419,0.05048577623294126,0.012605704572951062,0.024131585596568778,0.022007805265533108,0.01605544988871236,0.03316400696890825,0.023110834365281257,0.01566645442720745,0.009250817430671373
