#kernel,ldk #5,ldk #11,ldk #19,ldk #24,ldk #37,ldk #41,ldk #44,ldk #46,ldk #50,ldk #52,ldk #56,ldk #58
0.0,-0.3879776550832764,-0.3964010640813643,-0.38897084168315166,-0.38845194793406507,-0.3598737956557165,-0.3868433632505724,-0.3475790611174635,-0.3980535256319854,-0.4094863676638817,-0.4209879333955895,-0.3894112354634317,-0.39061265282995344
1.0,0.05082084070647856,0.05049581340225384,0.047212049783328616,0.047876961041583614,0.011911348866909942,0.023994318060796965,0.021032937386075846,0.015676846140215923,0.033044184760824685,0.02327876023382279,0.01610541632357224,0.009636353223833568
2.0,0.8299799893002643,0.8492683090632964,0.8449911240738509,0.8247775817546369,1.2035253823603893,0.8955938929264662,1.2162694088516497,0.8905538763984556,0.8369553267580712,0.8444273495646636,0.9684038562367215,0.9543894207258886
3.0,2.8052108522817196,2.82878813413829,2.9866892409675887,2.945201748463697,4.98958781318931,3.5688531498256015,4.984006914915612,3.4299589928602994,3.0825419015456585,3.095268740992274,3.55652458120413,3.4828760801957346
