#kernel,ldk #5,ldk #11,ldk #19,ldk #24,ldk #37,ldk #41,ldk #44,ldk #46,ldk #50,ldk #52,ldk #56,ldk #58
0.0,-0.38925472871371003,-0.39240427010127965,-0.3851429411803935,-0.39400231318286666,-0.35493061738126847,-0.3817742279119485,-0.34187681116392865,-0.3938485129276463,-0.4141384668324449,-0.4168371055970682,-0.38442245122048274,-0.3841720615703178
1.0,0.8356150968790113,0.8561922121581952,0.8594188184472186,0.8445043090843668,1.2158760139245781,0.9069020980342457,1.2225487194758087,0.899277454546585,0.8402993437284529,0.8566264914016058,0.9804102329829412,0.96384810355122
2.0,0.048184408781317176,0.05270437332095542,0.05327578249833758,0.049806860885016506,0.017503239493837825,0.029073882684251148,0.025627463561964436,0.019310145877372165,0.02822410053407712,0.0276132537852364,0.020949937471337686,0.01436413948076819
3.0,2.849057438192959,2.859547553195115,3.030995055689464,3.0098914743512393,4.980610920809267,3.596344032295148,4.938072988916378,3.432832985833122,3.1237257062980173,3.1379032394795443,3.5758852271069097,3.4961466808119637
