#kernel,ldk #5,ldk #11,ldk #19,ldk #24,ldk #37,ldk #41,ldk #44,ldk #46,ldk #50,ldk #52,ldk #56,ldk #58
0.0,-0.390638152811918,-0.3947620345702794,-0.3886638210316012,-0.3982828061623346,-0.35856543073764646,-0.38254961680787763,-0.34195962929324597,-0.39462657868092765,-0.4152344426959126,-0.4180091711611227,-0.38553558409947064,-0.3852031548028096
1.0,0.8385990147849488,0.8535894432880485,0.8649238831023971,0.8437776845823052,1.2145911440591401,0.9083306890845759,1.2255594416469755,0.9011289417099585,0.8426431296927788,0.8596160738879043,0.9821026297461325,0.9648665291078777
2.0,2.852865449368473,2.849283160980133,3.0567964428952386,3.0151264850982558,4.986420401063961,3.6038823500372135,4.948629713478053,3.442440316657694,3.127491170213868,3.142965101638249,3.582860837904579,3.5000985989991404
3.0,0.04942058064388,0.05116541624615153,0.05253826135288465,0.046919939378580834,0.013838473902942326,0.028621291568777876,0.025989646939058475,0.019849517230557848,0.029108338249014064,0.028522797298240206,0.021375606441759433,0.014824544736510336
