#kernel,ldk #5,ldk #11,ldk #19,ldk #24,ldk #37,ldk #41,ldk #44,ldk #46,ldk #50,ldk #52,ldk #56,ldk #58
0.0,-0.39061393415151996,-0.3953213823638098,-0.38633367843252486,-0.3985551777550126,-0.3589634161131087,-0.3827792945138416,-0.34174403676167825,-0.39486970386642345,-0.4159449796729881,-0.41847096327808014,-0.38421561719950137,-0.38690523380436104
1.0,0.04872682516291934,0.05033055596891197,0.052546140651859266,0.04704461127946694,0.014099413798924942,0.02909425708776431,0.026101716421364843,0.019999988312200873,0.027782020341406463,0.027562521772128208,0.020119936398718643,0.01358658353167069
2.0,0.8361902008636012,0.8516128891732471,0.8579444464215875,0.8419833225559363,1.2131153702483692,0.9069680735148831,1.2227275616440623,0.8996042601058023,0.8400253213365754,0.8573569361416387,0.974035729868217,0.9640253129651873
3.0,2.851356509473412,2.849895292252305,3.0344666465946406,3.013360776778837,4.982176875783684,3.5996135511346194,4.939687443709699,3.4406256232329397,3.1254863116956333,3.140846823026767,3.5659866395521025,3.5108085600696852
