#kernel,ldk #5,ldk #11,ldk #19,ldk #24,ldk #37,ldk #41,ldk #44,ldk #46,ldk #50,ldk #52,ldk #56,ldk #58
0.0,0.049340394372638485,0.05429207159113979,0.04679160034678669,0.04870758189438441,0.011752889777210332,0.02313447669730022,0.021183363964410687,0.018722734917427583,0.03199185046438023,0.03212727297907396,0.01463776851497498,0.008167903007684194
1.0,-0.3870527832414167,-0.39073659964553736,-0.38820310555932164,-0.3928950920046328,-0.3602648352596218,-0.38792673931092736,-0.34700374789816835,-0.39672976565033,-0.4083281506054984,-0.4106135323230784,-0.38889209459059576,-0.39159571947314376
2.0,2.8355357389506444,2.860587578104898,3.0188706846408144,3.01934992950911,4.971115258728724,3.576568611240762,4.949332215174232,3.447240129805502,3.1233459261975747,3.134739029265276,3.5728901704842717,3.5184130501484234
3.0,0.8373840535496251,0.8587045450524413,0.8481060461940991,0.8396488313068889,1.20607774326382,0.8981177466549041,1.2158067943620763,0.8963868724895384,0.8432961847929448,0.8589534553174759,0.965392826848477,0.9583947803306246
