#kernel,ldk #5,ldk #11,ldk #19,ldk #24,ldk #37,ldk #41,ldk #44,ldk #46,ldk #50,ldk #52,ldk #56,ldk #58
0.0,-0.3896699629597389,-0.39445770644801303,-0.3839317732692196,-0.3913462948480879,-0.3581863029042915,-0.3825488406504201,-0.3401061972638789,-0.39464657189680197,-0.41490014509729084,-0.4175511421825295,-0.3851796955043467,-0.3849078341029704
1.0,2.851173299230492,2.849779114262198,3.018922656900998,3.022554199724541,4.984748833711476,3.605214131415452,4.925736238699704,3.4435512882759514,3.12906620316874,3.1448670508979317,3.582848980955299,3.500929795834419
2.0,0.8379168813066475,0.8533493690310763,0.8544831560670787,0.8512254578684735,1.2142562653125593,0.9087327085455579,1.219802146020682,0.9010958622001652,0.842902532531003,0.8602256913818591,0.9829142422173899,0.9655013390104402
3.0,0.04955512761935298,0.050899361804976014,0.051617690113833,0.05359856980389354,0.014923688062299701,0.029126414874516462,0.02626178955506289,0.019497228593937436,0.02855077507593134,0.028481301351494695,0.021382829496180554,0.014393836566513146
