#kernel,ldk #5,ldk #11,ldk #19,ldk #24,ldk #37,ldk #41,ldk #44,ldk #46,ldk #50,ldk #52,ldk #56,ldk #58
0.0,0.049695414438730136,0.051215785173124036,0.0532876850865462,0.04789017697033269,0.017948613229424253,0.029491846069938366,0.02681257786758944,0.02067386744274201,0.029782252308564294,0.02887621589665016,0.021403973716534914,0.014937805701349708
1.0,2.855342216275782,2.8534925244215144,3.0594612909070427,3.0172907905340054,4.994049499165673,3.6064898651930672,4.952584777643768,3.4440595615567897,3.1512257630022353,3.1465033762179133,3.5839670921162647,3.5266218541554153
2.0,-0.38880622394196124,-0.39354843389094474,-0.38775336344674255,-0.39695586331422517,-0.35572579283865546,-0.38168793598023976,-0.34209055315141,-0.3934712131052675,-0.4162080504900309,-0.41644396232902053,-0.3846320640812575,-0.3871844418900318
3.0,0.8398041705320003,0.8544857911738447,0.8651102198363672,0.8448688615776055,1.219487064769362,0.9092775494743788,1.226933008208257,0.9017482278337371,0.8504477698163873,0.8614492152165605,0.983231405756401,0.972406479791068
