#kernel,ldk #5,ldk #11,ldk #19,ldk #24,ldk #37,ldk #41,ldk #44,ldk #46,ldk #50,ldk #52,ldk #56,ldk #58
0.0,-0.39084227610161143,-0.39202073108340585,-0.3873084937465895,-0.39187688874435084,-0.3569675815754009,-0.38366420600839,-0.34353316286996266,-0.39647708910046603,-0.41608700684266325,-0.41866792437735223,-0.38632888091122614,-0.3886119622606935
1.0,0.04909438760641518,0.05362338027100553,0.05054179328205556,0.05305337921097624,0.015902142819736922,0.02764666048723614,0.02448548974818228,0.01919292891459247,0.02805160086991862,0.027652156762220912,0.019495184090754257,0.01286672223115999
2.0,2.852469194434891,2.850371615141335,3.033480226556481,3.012045697661006,4.998064818317367,3.601004424864874,4.956804937908949,3.446011692783801,3.1277665341905716,3.142235977399521,3.5797327335439357,3.5195977358534196
3.0,0.838567609501756,0.8531713480857006,0.8549732197521345,0.8470292626258575,1.2169233539495896,0.9060183212972189,1.2239400960587645,0.9001563316584745,0.8404807531795667,0.8572178538689932,0.9798406681331367,0.9684031633588419
