#kernel,ldk #5,ldk #11,ldk #19,ldk #24,ldk #37,ldk #41,ldk #44,ldk #46,ldk #50,ldk #52,ldk #56,ldk #58
0.0,-0.3892842610035142,-0.39228667359342523,-0.3867601332426239,-0.39178904068996856,-0.35621507890832066,-0.38424706391000474,-0.34295452238699686,-0.39938054295327685,-0.4160284375218364,-0.41891927470643925,-0.3847892000631647,-0.38583051985772965
1.0,0.8327301593255615,0.8550283432746124,0.8569371401238136,0.8478668391674303,1.2167047414216783,0.907623696203282,1.2241600741728618,0.9052904177538522,0.8414299477803797,0.8577889942045733,0.9775901018888751,0.9649385933724599
2.0,0.04811029822873167,0.052416757686378664,0.0508574741110196,0.051484097267152265,0.016258433907677384,0.027192642292582322,0.024203534275947364,0.01660107974345678,0.028093018142741007,0.026806379120835166,0.020176218712486583,0.014349788503748902
3.0,2.84562673584431,2.8586356060424416,3.0373890530786,3.0222796538022276,4.9963914496811475,3.617248226384801,4.9551212039084325,3.4724716300147707,3.1365499755367887,3.1515237643052973,3.575485815157535,3.5122638318995865
