#kernel,ldk #5,ldk #11,ldk #19,ldk #24,ldk #37,ldk #41,ldk #44,ldk #46,ldk #50,ldk #52,ldk #56,ldk #58
0.0,-0.3891035634921609,-0.3957926637455402,-0.38750781794880934,-0.3953765890893734,-0.35492952540137046,-0.38175297939669783,-0.34157811013975076,-0.3937841975652322,-0.4142927471073668,-0.41716850371175224,-0.3835997252960679,-0.3844213622333788
1.0,0.8389941324630088,0.854959336540891,0.86490492251342,0.8435311819448584,1.2217559261007527,0.9103089881257863,1.2294329970756297,0.9026864177613146,0.8457209234792548,0.8632287971792845,0.9856774795965267,0.9709142907229492
2.0,0.05040296686583338,0.0504508916001063,0.053415146509883764,0.048511611091568166,0.018019764646485605,0.030117621216005704,0.026378509173850605,0.020310056030534096,0.030797791011188885,0.02982015808960506,0.023079334023182928,0.016709003562245035
3.0,2.8542674333865383,2.8553626111893307,3.0590381031575196,3.016000114139396,5.009343415487192,3.615102976771555,4.968679049385286,3.4522648816176438,3.1366338390062736,3.1522585913535894,3.582742438959799,3.510696027582523
