#kernel,ldk #5,ldk #11,ldk #19,ldk #24,ldk #37,ldk #41,ldk #44,ldk #46,ldk #50,ldk #52,ldk #56,ldk #58
0.0,0.8405471023013056,0.8556404991775468,0.866259452005569,0.8439399921596713,1.2176653872886465,0.9119991872062144,1.227343185864265,0.9032818993206093,0.8443360033527336,0.8614924361819616,0.984960047629237,0.9712196772738853
1.0,-0.3885211226940028,-0.393498877316825,-0.3874593447509357,-0.39711421823922344,-0.35573444793381237,-0.38321553946476844,-0.34277213891721314,-0.3944320392506456,-0.414342380481778,-0.41675484998288564,-0.3842106597196695,-0.38528718245309945
2.0,2.860566782857775,2.8554209288146604,3.0654044120224846,3.0151509994258916,4.974773925572708,3.6066273389954073,4.941972996465609,3.439562050966137,3.1352064895413507,3.15135493948502,3.5890843512656834,3.5212049869841047
3.0,0.05084070732603858,0.052544069312815356,0.054031062873230784,0.04821987879543777,0.017262693449937663,0.030079309504455053,0.026007415661098314,0.02087248095859203,0.030210558414723296,0.02974937988349771,0.022682912240485065,0.01620052015762732
