#kernel,ldk #5,ldk #11,ldk #19,ldk #24,ldk #37,ldk #41,ldk #44,ldk #46,ldk #50,ldk #52,ldk #56,ldk #58
0.0,-0.3853609408187505,-0.3898601420235682,-0.38701816248846377,-0.38611312497930184,-0.3570264074371899,-0.3851170060251755,-0.34524609473079604,-0.39567469032416325,-0.4074253677949877,-0.41390860991468825,-0.3896476415798656,-0.3905600490967741
1.0,0.8408865100582685,0.862880372686792,0.8595616918383989,0.8364374826337307,1.2161556855718647,0.9098382687957285,1.228621581191615,0.9085084289959786,0.8485785515185386,0.8591674474794332,0.9724928042105314,0.9583162073047532
2.0,0.052866820425457726,0.05726868675570093,0.04991414484054418,0.05078187832877041,0.014603579965752003,0.02651954992741289,0.023574512958454398,0.021131668147554794,0.03541906130167956,0.030312270341006687,0.017995497631386446,0.011524924852080091
3.0,2.833930788961641,2.845375870792942,3.0390382168367807,2.9694219154682875,5.002427810122141,3.6164247093096002,4.981141553106436,3.466496036786513,3.1168897495855705,3.1146691018726043,3.5707207919721964,3.5038865607497125
