#kernel,ldk #5,ldk #11,ldk #19,ldk #24,ldk #37,ldk #41,ldk #44,ldk #46,ldk #50,ldk #52,ldk #56,ldk #58
0.0,-0.38504174475802727,-0.3919032464436241,-0.3872229001409148,-0.39175333251733163,-0.3563335159363146,-0.3833468484863731,-0.3426101899378603,-0.39620200107730597,-0.41602208606421953,-0.41856879666442404,-0.386247921401109,-0.3885566296081757
1.0,2.864691356705033,2.860106561852552,3.0394145327136544,3.017480827984221,4.994857860359309,3.607215002285366,4.953806011310899,3.4466874972971073,3.1353977411417575,3.1502986871337253,3.5860960232359766,3.524295864632418
2.0,0.05404688697401161,0.05390396413876797,0.05030853798111932,0.052549380217025765,0.01605675838601297,0.027845399015710693,0.025069699856147463,0.018611895929012204,0.02834145635401972,0.02784823252089686,0.020323952721505827,0.013669301806037003
3.0,0.840182910171519,0.8531337282829129,0.8559288224219884,0.8474331074057272,1.2196096901207325,0.9073295439370986,1.2270940938332393,0.9009073094061374,0.8397680743994556,0.8567091261028058,0.9790865354496141,0.968152434018984
