#kernel,ldk #5,ldk #11,ldk #19,ldk #24,ldk #37,ldk #41,ldk #44,ldk #46,ldk #50,ldk #52,ldk #56,ldk #58
0.0,-0.3833772191905563,-0.3908157970936986,-0.3863577015043302,-0.3909580735013984,-0.35889040199740957,-0.3843387536047792,-0.34572246608500584,-0.3947425934507298,-0.41502055924668013,-0.41767680258363965,-0.38556476290292985,-0.3876946011300307
1.0,2.8650824223527716,2.8673204745369767,3.0472968577789596,3.030800379386458,5.006456124344953,3.603137048392926,4.978629555590967,3.466819106230924,3.134766252536295,3.1466207490633438,3.590460987032307,3.5332785342246584
2.0,0.05533248409614644,0.05499084439281938,0.05146996874630703,0.05428660008134177,0.015706066927863745,0.02818723489130648,0.024839758616063076,0.022727016768281778,0.028982766075327897,0.028073719009162893,0.020849077181975872,0.015193381831920169
3.0,0.8449818286678108,0.8593714784040408,0.8574196522203078,0.8506708761995292,1.2208985404672954,0.9100187619507459,1.2319177090151496,0.9102630343739879,0.8432112495296538,0.8592235868143546,0.984813075373557,0.9750876832626613
