#kernel,ldk #5,ldk #11,ldk #19,ldk #24,ldk #37,ldk #41,ldk #44,ldk #46,ldk #50,ldk #52,ldk #56,ldk #58
0.0,0.050214576480800605,0.04962783556853206,0.05311666112690307,0.054059486737117336,0.014855438383511804,0.02990482721099559,0.02651751668876622,0.020818558766250394,0.03063941004366037,0.029605743650781002,0.016781656791127295,0.01630171257944855
1.0,-0.38824728691394517,-0.3961551162942615,-0.3859387620102278,-0.39139521868655597,-0.3577760798248227,-0.3797525921139416,-0.340103705746974,-0.393105447685986,-0.41700970117007485,-0.4130137500357284,-0.3893164749385159,-0.38421836791328845
2.0,0.8380062410927984,0.8526181943442516,0.8610150498470586,0.8529899540209777,1.214235057081237,0.9047955424710381,1.2194911650587805,0.8998108156895068,0.8499625360667192,0.8535924609770131,0.9763666433850539,0.9676845289283049
3.0,2.8485317262111596,2.849102803102524,3.0408969075644,3.025554076567605,4.984838962150917,3.5862732745265364,4.926061912713124,3.43424091678762,3.1518814853471433,3.1176544542187177,3.569414994241508,3.503670872687492
