#kernel,ldk #5,ldk #11,ldk #19,ldk #24,ldk #37,ldk #41,ldk #44,ldk #46,ldk #50,ldk #52,ldk #56,ldk #58
0.0,-0.3848262643173165,-0.3897618210862384,-0.386764240325525,-0.39192270854659694,-0.3563252246269304,-0.3849320903012326,-0.3430216968194171,-0.3964185319741393,-0.4073379042076786,-0.41864668912384506,-0.38733196769794487,-0.38874876694857236
1.0,2.8275466795388144,2.839835599267956,3.0187472915836446,2.9847033360837516,4.963364792569229,3.579201672147217,4.918694472364731,3.415924764795036,3.099743963617765,3.098717648483031,3.562588345747823,3.499792007208549
2.0,0.05215021390766622,0.055395225373001386,0.050882463483388714,0.05135186548268611,0.015828579186984895,0.026756236009788055,0.024061777048578883,0.017290078105346565,0.034830593418138184,0.02448714954017283,0.017349148902538792,0.01087768096887192
3.0,0.8379988334677068,0.8603738131576214,0.8564597255320235,0.8456535431130464,1.2118836325688667,0.9068432903963558,1.2178958907277921,0.8968298627665096,0.8456864853154609,0.8515125015037097,0.9766079485671411,0.9636344774972635
