#kernel,ldk #5,ldk #11,ldk #19,ldk #24,ldk #37,ldk #41,ldk #44,ldk #46,ldk #50,ldk #52,ldk #56,ldk #58
0.0,-0.38439559736563284,-0.3935339387982226,-0.38646738478141146,-0.39150707507054416,-0.35588075357257687,-0.3842828742087066,-0.34256767704095104,-0.39562885051939795,-0.4150829104102504,-0.4177292823097937,-0.38662959016655635,-0.38807261036907764
1.0,0.8446289017363234,0.862312530374396,0.8589466952675511,0.8496092932839904,1.217935246042483,0.910401662388554,1.2252801911060758,0.9000468683457215,0.8421910606340238,0.8594129156188529,0.9852621732828821,0.9716445602517468
2.0,2.8618089186815623,2.8743081598827027,3.0363369672362626,3.01889942198516,5.000785109338398,3.6198571376975446,4.963595867376192,3.4539131527312774,3.1284209687398614,3.1459456905458767,3.584864179412708,3.520591924124978
3.0,0.05493111727517085,0.05422121894839494,0.05150578744453642,0.05305097309889374,0.0169861501136658,0.02846551131837461,0.025491675391087733,0.019031624677846606,0.028502338315994476,0.02793826774200121,0.020237598780756413,0.01381620612482201
