#kernel,ldk #5,ldk #11,ldk #19,ldk #24,ldk #37,ldk #41,ldk #44,ldk #46,ldk #50,ldk #52,ldk #56,ldk #58
0.0,-0.39177342165572615,-0.3949903758934984,-0.38865812826149315,-0.39601485152660915,-0.3574151107646047,-0.38360301917728795,-0.33937431093430914,-0.3922109912403729,-0.4161968616970589,-0.41213759820000495,-0.3880270400506993,-0.38338169102830016
1.0,0.04528475854024894,0.04990532343209154,0.04970489811493069,0.04798521739951101,0.014434219053916852,0.02606627764789193,0.026345055578741783,0.0202349895118812,0.031028705307631015,0.0302029541641279,0.017507704533808767,0.014946485812391986
2.0,0.8300002437417343,0.8515275928747236,0.8565577661985417,0.8431179479721358,1.2099411169354093,0.8998554341500178,1.2183401523434356,0.8979739649981345,0.8494753031594332,0.8527109616085977,0.9757585056570572,0.9618601771804128
3.0,2.8323306466673452,2.843558843399198,3.028216084016687,3.0061431980951814,4.977484992709781,3.5814521397791714,4.92522804751463,3.4223825992994548,3.1495521488849896,3.1148689245084884,3.561590974692857,3.4832572528011028
