#kernel,ldk #5,ldk #11,ldk #19,ldk #24,ldk #37,ldk #41,ldk #44,ldk #46,ldk #50,ldk #52,ldk #56,ldk #58
0.0,-0.3894430933310785,-0.391052609690149,-0.38653976292425246,-0.39114129538332887,-0.35670360606578916,-0.3843142955281982,-0.34455750547233516,-0.3956761313343087,-0.415626636468598,-0.41776112453800135,-0.3856208736538804,-0.3880614171025714
1.0,0.8378653904898377,0.858336195549104,0.8591327504668459,0.8502451747686323,1.2130309606047383,0.908978737095259,1.2261002085628272,0.9006900125802393,0.8428326800802762,0.8594180565777676,0.9832792712979849,0.9728835280881007
2.0,2.847482451055811,2.8545231116245944,3.037603636295093,3.018384994090603,4.989534820752506,3.613657452840308,4.969784687371388,3.443365379071828,3.126845040228497,3.141537414170927,3.5819465987633854,3.525759983268674
3.0,0.0489805494629889,0.054180421282455746,0.051205987415067065,0.05371499891779487,0.01623545956476773,0.027723412862325075,0.025347001281628118,0.019202102535841575,0.028481073376664705,0.027717268003571476,0.020546958031512647,0.013952765040959488
