#kernel,ldk #5,ldk #11,ldk #19,ldk #24,ldk #37,ldk #41,ldk #44,ldk #46,ldk #50,ldk #52,ldk #56,ldk #58
0.0,-0.39379424538376595,-0.3988400398257084,-0.38838151247702835,-0.40007101984446647,-0.3601829852486863,-0.383571854150781,-0.3413906571190384,-0.395902680212714,-0.4173516655829098,-0.4195630839106341,-0.3927494718150922,-0.3868770181320821
1.0,0.8300352362278165,0.8453050640837754,0.8554907843100026,0.8383682923684453,1.2052404553765235,0.9021904761894373,1.2092340017180223,0.8942641460443708,0.8353699168348508,0.8527085095021586,0.9678683706319873,0.9565741896966611
2.0,2.837977680852892,2.8376154240183697,3.030513997123811,3.004180208384619,4.970046137565543,3.590588421675368,4.905381910742992,3.4304340117637224,3.117264006307086,3.132536983248432,3.565060661651677,3.4899776559107165
3.0,0.043948833885012334,0.04540851346589257,0.04890848748318372,0.0435627135432471,0.01062787775898742,0.0259411627955134,0.022682730766229373,0.016796396950737733,0.025349073865273644,0.024980956294304673,0.012185403030319323,0.01143273774960653
