#kernel,ldk #5,ldk #11,ldk #19,ldk #24,ldk #37,ldk #41,ldk #44,ldk #46,ldk #50,ldk #52,ldk #56,ldk #58
0.0,-0.3892561805618517,-0.39458716431184104,-0.3841982473429049,-0.3972067590240028,-0.358080831938745,-0.38054002302176027,-0.340282702594934,-0.3934718810161122,-0.41522385178448384,-0.41795611005148187,-0.3839997432093289,-0.3853247213953921
1.0,0.04912075202029812,0.05055408815267033,0.052336400617279774,0.04637821349078785,0.015458248602010123,0.029745300980294407,0.026647633177108374,0.01936060724760785,0.028901337315658557,0.027737447821091544,0.02055948166398568,0.014150756980161308
2.0,0.8384381221989068,0.8554535449354228,0.8554723582046001,0.8429652455469228,1.214253246251444,0.905221329012698,1.2217347290787215,0.9006559769804376,0.8449775219635508,0.8613724016609562,0.9779354496107201,0.96504704917514
3.0,2.849356545196203,2.8526402662685086,3.020880575445567,3.00719009671407,4.97784461700853,3.5864864876292506,4.923829811216929,3.434688917717858,3.132632738364547,3.147603454508359,3.568943663093167,3.501942285584221
