#kernel,ldk #5,ldk #11,ldk #19,ldk #24,ldk #37,ldk #41,ldk #44,ldk #46,ldk #50,ldk #52,ldk #56,ldk #58
0.0,0.04910898291639677,0.050731941123543706,0.05266086096147213,0.04748953738734384,0.017735601631840323,0.029035639307945404,0.02581361414754255,0.01980322035808309,0.02808250894762952,0.02829065224762531,0.017256991628476114,0.016606848532181816
1.0,-0.3888486620729017,-0.39552869260116297,-0.38513273528461983,-0.39591148496600614,-0.355182317721769,-0.38171530061839154,-0.3419424951686101,-0.3926030394199847,-0.4145414858406558,-0.41706087545147646,-0.38907522549955575,-0.38304463077410705
2.0,2.8426226640184713,2.8490244169935783,3.040205130468334,3.0077706097772414,4.995119135112188,3.607633402839704,4.9512152509222,3.431903938415002,3.1299299313870215,3.1460105180530693,3.571010709721537,3.4962503291121845
3.0,0.8357551101784217,0.8541214471110956,0.8625664364463035,0.844473857671962,1.2156832448929324,0.9096504809432088,1.222429146775271,0.9001314896040772,0.8444417135867709,0.8622473828530955,0.9792423387126293,0.9680428827838115
