#kernel,ldk #5,ldk #11,ldk #19,ldk #24,ldk #37,ldk #41,ldk #44,ldk #46,ldk #50,ldk #52,ldk #56,ldk #58
0.0,0.04966090917978884,0.05126108714213253,0.052823021065794715,0.04701343986332563,0.01684293833711188,0.028663542378018908,0.025749301872344026,0.019749650681187763,0.028997879587527437,0.028384501711462982,0.020888703739729175,0.014464087661594537
1.0,2.8364698694834396,2.841327317649617,3.0596057958852416,3.0195908719544597,5.001201091427364,3.6115837057940934,4.9619343519166925,3.453010012821572,3.112314162878933,3.129201457605781,3.5696431790058614,3.508312944418759
2.0,0.8371147964915631,0.8530358100587528,0.8644396966882372,0.8429413813281653,1.217634454623705,0.908580518288012,1.2254862020859172,0.9010925197735642,0.8408132781321178,0.8576234379254147,0.979020624551645,0.9680794581390488
3.0,-0.3895844657953561,-0.3946365011444681,-0.3884770258139078,-0.39791303658752925,-0.35643292173663876,-0.3844109821993463,-0.3425867501880022,-0.39551696758037247,-0.4147599025211985,-0.41760442091423894,-0.38596706181566925,-0.3880380170065154
