#kernel,ldk #5,ldk #11,ldk #19,ldk #24,ldk #37,ldk #41,ldk #44,ldk #46,ldk #50,ldk #52,ldk #56,ldk #58
0.0,0.8331590206816971,0.8557864752517761,0.8581460948505434,0.849105228261213,1.2147787978495028,0.9062911215612667,1.2214043111144883,0.8990645238829595,0.8420925911010159,0.858575981702217,0.981452375802961,0.9644025598603332
1.0,2.8393020433712675,2.8542434879757206,3.0368773290952626,3.022099531164675,4.992364220278928,3.6010174265868975,4.950182094013255,3.44206956163981,3.129948996085749,3.1444001968266475,3.5782914854476653,3.4959657866248315
2.0,-0.3885484135620642,-0.3915314056310087,-0.3866265572225784,-0.39184823580695005,-0.356177685943696,-0.3828712321881135,-0.3426901049930483,-0.3950492468211175,-0.4153182912144372,-0.4181900437128025,-0.3856104999150207,-0.3853071303909509
3.0,0.04788767758216658,0.05310232960804182,0.05161808872693875,0.052994310240086766,0.01652446208454314,0.02786534566318819,0.02513812608607528,0.018975011458101574,0.028873289839154333,0.027806626159837946,0.02093571074520547,0.01447017712379725
