#kernel,ldk #5,ldk #11,ldk #19,ldk #24,ldk #37,ldk #41,ldk #44,ldk #46,ldk #50,ldk #52,ldk #56,ldk #58
0.0,0.04847790847776733,0.053431376101663354,0.05249959601440065,0.05216176723759432,0.01827630950422936,0.029741598158105575,0.02863651354806971,0.023875738824361736,0.0334676617986925,0.03250647460815862,0.019544647073061878,0.017136418449195338
1.0,2.841732010979214,2.849938177046151,3.036826373813683,3.00452243500683,4.9773836708946995,3.5872203850837505,4.974058533656467,3.429151411968458,3.161865303673666,3.1296486149377234,3.586907791000823,3.5070350106699406
2.0,-0.3900987638530531,-0.3918927753414304,-0.3859239695638212,-0.3923621775272719,-0.35495256459754115,-0.3802332125060905,-0.34306465489796695,-0.3891320577797791,-0.41492744106023927,-0.41091270897598653,-0.38834123298253354,-0.38403201175412427
3.0,0.8307614669891737,0.8529989732637634,0.8578545437342006,0.8469219194096963,1.221765990552115,0.9051085037265747,1.241453496909347,0.9035142238419146,0.8498890915512929,0.8544520433324634,0.9744964147101288,0.9609075871315205
