#kernel,ldk #5,ldk #11,ldk #19,ldk #24,ldk #37,ldk #41,ldk #44,ldk #46,ldk #50,ldk #52,ldk #56,ldk #58
0.0,-0.38604039304642757,-0.3919005170359843,-0.38731312709975013,-0.391760879337643,-0.3569771138992664,-0.38513136157797295,-0.342809224866977,-0.3953037569032828,-0.4075619448581951,-0.418740740842275,-0.3846798127451556,-0.38867445998843847
1.0,2.869858515230984,2.85825090252252,3.0461707340962203,3.0339158486707944,4.995562594635185,3.612299007799713,4.952392738480378,3.4525425739940414,3.146524418565878,3.1522334806614842,3.580157075948049,3.534313126506325
2.0,0.8434554772455323,0.8579951863937905,0.8573413392507684,0.8510039685080169,1.2165404288912156,0.9065786996651936,1.2259095322094566,0.901599274899153,0.8496615972336247,0.8574127173212837,0.9792981369446597,0.9731557112514015
3.0,0.05242249559751498,0.05372226535588695,0.049937644169302145,0.053378233896965235,0.015296315152080697,0.025327711918835698,0.025865661324099547,0.01987687980651938,0.035391043225489985,0.026238702657197976,0.019382038149430465,0.012889485248767247
