#kernel,ldk #5,ldk #11,ldk #19,ldk #24,ldk #37,ldk #41,ldk #44,ldk #46,ldk #50,ldk #52,ldk #56,ldk #58
0.0,-0.38743447385568963,-0.3943727560372343,-0.3864478332381509,-0.39601962126717155,-0.3555189868609936,-0.3812160393512365,-0.34305023303525756,-0.39410043844850356,-0.4158202614685773,-0.41564434744093615,-0.38913638655316873,-0.3832297724440046
1.0,2.857809966930669,2.854715055956286,3.063309541575141,3.022713004586169,4.9997240767157844,3.6080131147557544,4.967424272018533,3.45284470245966,3.154417585822096,3.1516796578920836,3.583646944584835,3.5061483725939264
2.0,0.841584998856247,0.8556571732686744,0.8678259923172783,0.8476980240769671,1.2174849199663964,0.9082839242610468,1.2264480642756173,0.9023649643450673,0.8514734840839978,0.8639775367410534,0.9829955324474366,0.970516703954723
3.0,0.05138579107729413,0.05078311020329022,0.05475852711940735,0.04907984435641765,0.018438232357433137,0.030568980904849153,0.02701084430867563,0.021380325310477014,0.031119738780031627,0.03043360764417761,0.01756505544667405,0.01674459906882816
