#kernel,ldk #5,ldk #11,ldk #19,ldk #24,ldk #37,ldk #41,ldk #44,ldk #46,ldk #50,ldk #52,ldk #56,ldk #58
0.0,0.054793256345094694,0.05939668056839825,0.05193239943253878,0.05285633734723661,0.017203902165460326,0.028678328302388253,0.026505652908839536,0.023592495683556675,0.03800470325431485,0.03735364680246326,0.02039839374677316,0.013870786341716311
1.0,-0.3866182693544783,-0.3909729361457996,-0.3900929942223812,-0.38667496464384676,-0.3595271615841162,-0.38612422010231734,-0.34752189219280455,-0.396580402913911,-0.411281220013159,-0.4083564791427187,-0.3885755423990649,-0.3899093340376727
2.0,2.852051674391349,2.880670989957408,3.022247124560294,2.961946862544567,5.033493490064564,3.6041467552691446,5.043116495209139,3.493931121904881,3.163613803337558,3.1443569085932026,3.594962566482023,3.521525728566674
3.0,0.8484724398810602,0.8677635481097623,0.8606659356033376,0.835568981131651,1.2322030097026087,0.9138759070152008,1.2464653201442701,0.9150689721132309,0.8608046870646222,0.8668979451354809,0.9844119636985592,0.9717527026497759
