#kernel,ldk #5,ldk #11,ldk #19,ldk #24,ldk #37,ldk #41,ldk #44,ldk #46,ldk #50,ldk #52,ldk #56,ldk #58
0.0,-0.386532292339658,-0.3914187635192301,-0.38899177003957336,-0.3879836656454401,-0.35909158062911095,-0.3866254213002331,-0.34773291042659416,-0.39714793061850423,-0.41775518055413985,-0.42028580674890276,-0.3893092133414783,-0.3903514353319519
1.0,0.837721741555234,0.8544854770120127,0.8536720792453698,0.8291098749265869,1.2091682231327776,0.9031579220959889,1.2227512621043881,0.9013199816736356,0.8348026950307195,0.8519441378194043,0.9691973311349834,0.9554299550458263
2.0,2.8438400662890353,2.8635539188792154,3.0223151822495913,2.966399605072051,4.9737647867653205,3.5946583113280934,4.968153342828058,3.460194920580163,3.1116470210612643,3.1267278160200953,3.580952612292893,3.5096917644640984
3.0,0.051108242517236245,0.054548746302114946,0.04758912305110523,0.04813230810114115,0.011461995271514525,0.02414160992649052,0.020256928419470622,0.01867777559380467,0.024430907271551346,0.023942413759595077,0.01569912540565017,0.00941634698168044
