#kernel,ldk #5,ldk #11,ldk #19,ldk #24,ldk #37,ldk #41,ldk #44,ldk #46,ldk #50,ldk #52,ldk #56,ldk #58
0.0,0.8363021578732265,0.858199252061919,0.8582759006999514,0.8463804929220198,1.221214923793113,0.9069592121666764,1.2321628419762547,0.9003092718699746,0.8414617898168588,0.8558611225173509,0.9809148604537725,0.9712207110389464
1.0,-0.3906343225999719,-0.3939685331648701,-0.38684963244604054,-0.3914854909494745,-0.3582914937910693,-0.3829883612468592,-0.3462421153198631,-0.3960495493890477,-0.4162861264472019,-0.4184102495390731,-0.3860766215293452,-0.38817640498507844
2.0,0.04849269341091841,0.05424383610546648,0.05143052352698317,0.05383833184918495,0.01570567198106274,0.02825082174818821,0.024262939174422085,0.019517919382814684,0.02803007801331976,0.027216466075048455,0.020052966215208554,0.013877849226719686
3.0,2.818897247509707,2.8356930276026655,3.0244372677423144,3.0014855636228233,5.019765148562275,3.5876030184797085,4.993236853164815,3.4320610536790634,3.100111885541989,3.1043249857475343,3.556039803843042,3.5018807273048944
