#kernel,ldk #5,ldk #11,ldk #19,ldk #24,ldk #37,ldk #41,ldk #44,ldk #46,ldk #50,ldk #52,ldk #56,ldk #58
0.0,-0.3914287274541288,-0.39120005257994017,-0.38666527332720757,-0.39095920608321094,-0.35596762988260644,-0.3847973322011896,-0.3421218337508709,-0.3945984909314708,-0.414800941318467,-0.4171287068149802,-0.3849246814978797,-0.38744893560217747
1.0,0.8402653221713072,0.8568549316316028,0.8584663678146407,0.8535631731481752,1.2139696379187754,0.9094351747911628,1.2229140506985572,0.9007000211102509,0.8422336994891044,0.8606499741128931,0.983889901576424,0.9724524658753759
2.0,0.04755352782625752,0.05354550766191607,0.05033357907036327,0.05369489631545413,0.016493864581378248,0.02717873901339023,0.026262610479214535,0.019689229338285923,0.028014297315030072,0.028121555305367134,0.02068055791207717,0.013763477949708914
3.0,2.8646298334224944,2.858408518553922,3.040241177840342,3.023932110935243,4.988518612977295,3.619002934019915,4.945696793328262,3.4409415146857123,3.1292716003587255,3.146663716237694,3.58299461587251,3.525034872119735
