#kernel,ldk #5,ldk #11,ldk #19,ldk #24,ldk #37,ldk #41,ldk #44,ldk #46,ldk #50,ldk #52,ldk #56,ldk #58
0.0,0.04986722563787969,0.054389193085664575,0.053423515572104785,0.04706420429055984,0.017965125237422035,0.02972270918889931,0.026087137026344822,0.019935209631568505,0.029216017579958925,0.028528671668583305,0.021236954765871445,0.014888323585067169
1.0,2.85664908318193,2.859606097884741,3.0592804080317677,3.017113867763144,4.992447502794557,3.6059278350761197,4.9508865888083395,3.442705532613472,3.1300664987677274,3.145512507924287,3.569013982287018,3.503090701229059
2.0,0.8362916513988329,0.8552028274100538,0.86468450809735,0.8450084827005766,1.2194545437896716,0.9080601687254855,1.2273314231330306,0.9012681435980403,0.8409556684798375,0.8575325294705349,0.9769799162335252,0.9641764079396704
3.0,-0.3898168050858849,-0.39122628912879903,-0.3880921265224625,-0.39812317671207426,-0.3550316397913645,-0.38201021149161596,-0.3417585747122839,-0.3943181496956002,-0.414857500489429,-0.41769974359581896,-0.38387574800446195,-0.3850446512061972
