#kernel,ldk #5,ldk #11,ldk #19,ldk #24,ldk #37,ldk #41,ldk #44,ldk #46,ldk #50,ldk #52,ldk #56,ldk #58
0.0,-0.3883163059791609,-0.3913663505386836,-0.38716408884339537,-0.3861112852426404,-0.3561495925314986,-0.38472880059247133,-0.34067286746292363,-0.39529540997742757,-0.4152780165140965,-0.41800876933456876,-0.38512064689650216,-0.38520292421826774
1.0,0.8340190212580662,0.8581874538160297,0.8581014158866624,0.8373251463201707,1.2173415152601175,0.910367439622999,1.2181099246871652,0.90057795500806,0.8424779851580468,0.8598248684280285,0.9816090109495664,0.965044328116174
2.0,0.04720958227404248,0.0533779817815063,0.04824101973204379,0.050229491543261284,0.015427261098594514,0.02595205569465219,0.02499697841719652,0.017933696969508257,0.027788406609247137,0.027523304030082383,0.02090822626871321,0.01383068651397295
3.0,2.840474548723424,2.855286148312807,3.039063778757485,2.977684762661722,4.993263525396562,3.6177462085982133,4.919209215350492,3.437949283823733,3.1290454462900277,3.143305746930783,3.5788454655876776,3.5014432995975024
