#kernel,ldk #5,ldk #11,ldk #19,ldk #24,ldk #37,ldk #41,ldk #44,ldk #46,ldk #50,ldk #52,ldk #56,ldk #58
0.0,-0.38924612429691363,-0.39239959675241115,-0.38740485768156263,-0.38651411125336316,-0.3587433472143693,-0.3851789756119827,-0.34677444061861934,-0.3932329564537915,-0.41672124908640495,-0.41901294079120655,-0.38654207371147026,-0.38863887329576197
1.0,2.8359401217157143,2.8533370186399774,3.029816564807978,2.9697659365485127,4.995311709572526,3.6122440579275406,4.973074024982008,3.4473101233341334,3.1218011051849595,3.136091117606198,3.5734763733595187,3.5194908645487724
2.0,0.8326006238576572,0.8577371331572361,0.8549316211652264,0.8336125290727079,1.2095742632761044,0.9067730883670865,1.2221622489441726,0.9025262196517343,0.838692874616658,0.8565558500132994,0.9791080507618444,0.9697004104381031
3.0,0.0481504112432342,0.05308880600296924,0.05036362461092808,0.0508632406246014,0.012989532652249874,0.02701683743474159,0.021368195144193906,0.0210597899513773,0.027032389042759626,0.026647107199779668,0.020034570559345752,0.013941487119482308
