#kernel,ldk #5,ldk #11,ldk #19,ldk #24,ldk #37,ldk #41,ldk #44,ldk #46,ldk #50,ldk #52,ldk #56,ldk #58
0.0,-0.38835952727116235,-0.3935660764998783,-0.38705082280316555,-0.3968807167336528,-0.354805935164098,-0.3836807172148115,-0.3410057126913963,-0.39446123906823977,-0.4140378549076761,-0.4167976600173148,-0.3830626495920641,-0.3868775645183995
1.0,0.8391171281205156,0.8543831286921308,0.8645362936356554,0.8456417612871243,1.220505058593768,0.9096827358840427,1.2288353592572214,0.8996870121458521,0.8418178266289558,0.8586925650320483,0.9817093303748683,0.974949201899631
2.0,2.8649061883210383,2.867300198674631,3.0678935561100102,3.026182065678128,4.998303655271503,3.6275712719303974,4.955114098999561,3.451791403656394,3.1408328232497342,3.156242695613403,3.5816215170013317,3.539874271446591
3.0,0.05044361595932468,0.051820033287046936,0.053148989536118844,0.048892485180807146,0.01830161571038076,0.02916942060100062,0.02764911462446085,0.020835917904361647,0.029248191347908233,0.028708735356153665,0.0216665874986768,0.01527253041159506
