#kernel,ldk #5,ldk #11,ldk #19,ldk #24,ldk #37,ldk #41,ldk #44,ldk #46,ldk #50,ldk #52,ldk #56,ldk #58
0.0,-0.38889861183452384,-0.39502263761572026,-0.38425106600365605,-0.3965581749290065,-0.35728691707447213,-0.38553302912257387,-0.3398462339159565,-0.3932594952152167,-0.415979985646281,-0.41568521235362393,-0.3883068693541569,-0.38349067306184215
1.0,0.8362789649395418,0.8537831137157997,0.8617391880017083,0.8443430451007677,1.2138980540458257,0.9046822712518663,1.2210972844984853,0.901925496045483,0.8493665217880564,0.8625415600502162,0.9779925400836722,0.969066075058009
2.0,0.04913104332371743,0.050005359286272866,0.05459407961264642,0.04738852319718193,0.016168480611220924,0.026766760036286554,0.027066018780604308,0.020923920053324864,0.0316603186200977,0.030927879273640685,0.018141916299276677,0.01728855263004383
3.0,2.847685220424355,2.8549010552745355,3.0413332626820373,3.019989333202703,4.984224566804482,3.6024937736713443,4.9299708120731465,3.4422326495660673,3.1434429911328094,3.1432707388732797,3.5680101087605385,3.500722448473315
