#kernel,ldk #5,ldk #11,ldk #19,ldk #24,ldk #37,ldk #41,ldk #44,ldk #46,ldk #50,ldk #52,ldk #56,ldk #58
0.0,0.838896609002342,0.8541820835256042,0.8675570092695828,0.845434926628787,1.2164795917155464,0.9124387759549132,1.2262597975235798,0.9022067327411675,0.8422639843511919,0.8607329100792809,0.980224922880102,0.9690889842392548
1.0,-0.39006666706097487,-0.39488453722667954,-0.3866614658187573,-0.3963541972516365,-0.3552172330825299,-0.38250108185865594,-0.34240223041595486,-0.3939199403984326,-0.4134296040726471,-0.4157535785380217,-0.38927162448282054,-0.383364409308824
2.0,0.049504402439642374,0.05100182331040275,0.054867426434552245,0.04895745359447753,0.018202078015588926,0.0308673838743648,0.0269146057286079,0.021516132965403056,0.03025019641036788,0.03008500007526485,0.01747362116569352,0.016690184791410687
3.0,2.850986483593447,2.847403793915895,3.0588858713508125,3.012401522741972,4.969662939775758,3.6095656033561907,4.93705206833556,3.4302793641021063,3.119920855170108,3.141535346978698,3.582259853734427,3.5083328648371523
