#kernel,ldk #5,ldk #11,ldk #19,ldk #24,ldk #37,ldk #41,ldk #44,ldk #46,ldk #50,ldk #52,ldk #56,ldk #58
0.0,-0.3856373358194652,-0.3893883907044754,-0.38759631952206713,-0.39157958763068934,-0.3593104307029675,-0.3856074527578045,-0.3461113456065477,-0.3956473635868763,-0.408901511553298,-0.41851832155324337,-0.38746380910205536,-0.38890675671898184
1.0,0.054508897950990544,0.05864123415411668,0.0509062497011336,0.05286563536142162,0.015212303861063054,0.027562754543895437,0.02415310961772706,0.02221261225695856,0.03712038292466281,0.026998339917178874,0.019692695664953137,0.013251153535965782
2.0,2.856557846063438,2.8604660348977022,3.0471459068241713,3.0371226106289293,5.036989592282986,3.6233394683161078,5.009973322817444,3.48375132929314,3.1632804812520865,3.1446234765318555,3.5537490034393917,3.4854608657201958
3.0,0.8431225961722093,0.8633423149086741,0.8559049590189202,0.8482746611886665,1.219796294181716,0.9079876834344819,1.2299751428551116,0.9079884188403092,0.8531963091658772,0.8558573974452969,0.9801938217373662,0.9677435950428168
