#kernel,ldk #5,ldk #11,ldk #19,ldk #24,ldk #37,ldk #41,ldk #44,ldk #46,ldk #50,ldk #52,ldk #56,ldk #58
0.0,-0.39109098558583005,-0.39663200241124136,-0.38364888185784407,-0.39819019177558906,-0.35592839240658536,-0.38260961472190724,-0.3424597701527914,-0.3947000674229087,-0.4150671938300317,-0.4137532894559023,-0.38387042561497925,-0.38519755235440367
1.0,2.844404494489975,2.8474785743741493,3.018522359034508,3.0154488235482004,4.9943835670720444,3.6045498180153266,4.953999768906825,3.4422005222786662,3.1303911104432895,3.1149370280686357,3.566973700047136,3.49963852035857
2.0,0.8351568109647977,0.8521464218053239,0.8536771067816986,0.8432359727209354,1.2133735710770277,0.9065517531512212,1.2216207073570542,0.899395176181325,0.8446665757498867,0.853008095341373,0.9786604110477523,0.965297225986655
3.0,0.048067117055442525,0.04979047634505671,0.05190816158318739,0.047474962111851315,0.015491588995349423,0.02864337830108482,0.0246220405773852,0.019910909096486008,0.029857466904884902,0.02867558822775163,0.02082396951723201,0.014299089076601063
