#kernel,ldk #5,ldk #11,ldk #19,ldk #24,ldk #37,ldk #41,ldk #44,ldk #46,ldk #50,ldk #52,ldk #56,ldk #58
0.0,0.04848854806890513,0.05280888344899833,0.04901963905657084,0.05063273041674553,0.016107644016078823,0.026888412694237456,0.024840809272334174,0.01742970744202118,0.027906227967280074,0.02681933232144168,0.02073150964789776,0.014450269312758125
1.0,-0.38961614244121967,-0.39255546133813723,-0.38806467666842676,-0.3929970678302537,-0.35647756629619515,-0.3838725969605519,-0.3432812982116148,-0.3971952052663808,-0.4166255062734875,-0.41943002540961916,-0.38629807548252176,-0.38607526648336166
2.0,2.843811971420195,2.8596342707999676,3.041989664049361,3.0219488363521974,4.983828910890415,3.602681189077527,4.9412099945630175,3.4467289585712924,3.130058195993364,3.142692070527426,3.5813352222250296,3.4997679941337796
3.0,0.8321105072864294,0.8571617036423549,0.8584477857790002,0.8508968903838137,1.215319288902301,0.9065662106952093,1.2234986368031235,0.9016967988403252,0.8411667535556616,0.857493894587429,0.9826407301018779,0.9658035352741433
