#kernel,ldk #5,ldk #11,ldk #19,ldk #24,ldk #37,ldk #41,ldk #44,ldk #46,ldk #50,ldk #52,ldk #56,ldk #58
0.0,-0.38406223923287885,-0.3930028364199939,-0.386470241953529,-0.391065402030459,-0.35642635563775044,-0.38431229379607146,-0.3427024398565363,-0.39571113633137805,-0.41583135293443946,-0.41784065781957863,-0.38563418821918244,-0.3881295472526125
1.0,0.842323875569457,0.860553285229215,0.8604795190643598,0.8515884890946516,1.2195315512620224,0.91274008046102,1.225800656888487,0.9024674186295301,0.8422893813496948,0.8579979620179772,0.9797306644143151,0.9702080686391427
2.0,0.054090626623386616,0.054237727454875186,0.05120145699465482,0.05297013544267032,0.016011916534427673,0.027827090429172283,0.024994654617217178,0.018637870918899492,0.02813741796296423,0.027690506640162676,0.020454159768215525,0.01417487300936565
3.0,2.865559669327965,2.8715640926591215,3.041399134581718,3.0198722202593458,4.990181519224523,3.622945025917689,4.94553820012107,3.449783839486055,3.128166799580045,3.1364580866944323,3.5804101728815563,3.5278678545963555
