#kernel,ldk #5,ldk #11,ldk #19,ldk #24,ldk #37,ldk #41,ldk #44,ldk #46,ldk #50,ldk #52,ldk #56,ldk #58
0.0,-0.3899924124916919,-0.3951874943014516,-0.38685688275545616,-0.3917174255667699,-0.3564774189167528,-0.3830868374997476,-0.34315795231058155,-0.39517717921777795,-0.41601339295699985,-0.41881000726715223,-0.3867194705259324,-0.38871333525720514
1.0,2.846817931427146,2.847931519319116,3.031053783165097,3.019272738781695,4.992427485403537,3.599067325620365,4.953601053300416,3.43763403339872,3.1240210973634204,3.139174600753155,3.58441011879566,3.5254946382334893
2.0,0.04861263519455443,0.05039594745425251,0.05057996561204178,0.052914988034692724,0.01564892315120711,0.027888042398986363,0.02440878625713949,0.018733691432634945,0.027596811151891793,0.027081338767956372,0.019472800434855067,0.013228918532731242
3.0,0.8384111208089986,0.8538143815988123,0.8576457204866541,0.8504441745489714,1.2172820771227248,0.9075259866483035,1.2255635451225952,0.8994784773709752,0.8419427545052615,0.858590127040455,0.978893645330822,0.9682561406310547
