#kernel,ldk #5,ldk #11,ldk #19,ldk #24,ldk #37,ldk #41,ldk #44,ldk #46,ldk #50,ldk #52,ldk #56,ldk #58
0.0,-0.38410557864055944,-0.3936354698142852,-0.3865850588019922,-0.3915675850402009,-0.35681935681451565,-0.3844200025237874,-0.34464674461423683,-0.39851946164592705,-0.41590078065173897,-0.4179354503674002,-0.3856867080525152,-0.3878387057977941
1.0,0.8403599490881386,0.8592165809358524,0.8528948301416784,0.8466346351122632,1.2176137592884877,0.9075719063548137,1.2318627178876944,0.9054905574457671,0.8415928363979092,0.8565187676178785,0.9819804099784937,0.970638648796013
2.0,0.05411321598729115,0.05374115148327825,0.05105683331012552,0.05244379764086702,0.016259092069563046,0.027859738395531578,0.024948235491011453,0.018525600780666576,0.02776434247349806,0.027000130964675646,0.0200479036512805,0.01370168716347021
3.0,2.859720272986595,2.875161032484574,3.0397322801542286,3.025595175541213,4.999417187466028,3.618589431421513,4.978508216340634,3.4756871876933726,3.1329306005242827,3.1440494135127617,3.583162535980507,3.5230706196029584
