#kernel,ldk #5,ldk #11,ldk #19,ldk #24,ldk #37,ldk #41,ldk #44,ldk #46,ldk #50,ldk #52,ldk #56,ldk #58
0.0,0.05602092850958062,0.05947239806277748,0.05095012067210228,0.05219824052290385,0.016493074519842294,0.027937754336074174,0.02530753231273634,0.02272072525411564,0.03773324607768376,0.03652718681742144,0.020901548818151545,0.014985562394130772
1.0,0.8447562245803044,0.8670081978559532,0.8548604846617038,0.834786502791382,1.2236781767776617,0.9098897330357337,1.2360627305068985,0.9122920265091055,0.8542864513135275,0.8639521505433195,0.9883512958324446,0.9764026253105366
2.0,-0.38453893308348686,-0.388090593001515,-0.3867033403587483,-0.38527636094707857,-0.35738391560885124,-0.38437500562863175,-0.3452837981864857,-0.3943249560204762,-0.4079191898063979,-0.40833363373069714,-0.3865642102847338,-0.3873533819960857
3.0,2.873649150547509,2.8855378663302083,3.042009718622266,2.993346477514856,5.0348372249437,3.6265224214077807,5.012123945651084,3.4934190023410605,3.155957051013611,3.149229665455224,3.6058730588877754,3.5373093638877666
