#kernel,ldk #5,ldk #11,ldk #19,ldk #24,ldk #37,ldk #41,ldk #44,ldk #46,ldk #50,ldk #52,ldk #56,ldk #58
0.0,-0.3904354226204918,-0.3945261132479218,-0.3874278227140667,-0.392226424344406,-0.35669852895715226,-0.3851768951270309,-0.34352202684992245,-0.396727682434482,-0.4160448343896076,-0.41880942283824973,-0.3845716974536775,-0.3884447008134423
1.0,0.8333481664566856,0.8583857692737518,0.8557209413100111,0.846987463920141,1.2109251858732886,0.9073716834716145,1.2173976636057195,0.8978780637020483,0.8387987114762819,0.8553707369366168,0.973663938079465,0.9674471218722753
2.0,2.827974553675503,2.8525700292898444,3.015212868820077,3.0042963295522798,4.976800609581151,3.5955676005458472,4.94215081985737,3.4370889875667956,3.111018445052879,3.129018220702,3.556694906717006,3.51140037782385
3.0,0.04559298009037384,0.05054262917295265,0.04869818809289901,0.050816689863441004,0.014500581803752566,0.025471590137057642,0.0228538910043017,0.01624059095300449,0.025196812259845058,0.02443108401999459,0.01813837820892903,0.011872972105994603
