#kernel,ldk #5,ldk #11,ldk #19,ldk #24,ldk #37,ldk #41,ldk #44,ldk #46,ldk #50,ldk #52,ldk #56,ldk #58
0.0,-0.3896901555804897,-0.395037386922906,-0.38642047172124994,-0.39141412473868087,-0.3561028768559383,-0.3829005205437344,-0.34265373114815556,-0.39491540277616693,-0.41519817666896824,-0.4179146300689656,-0.38393195259092383,-0.3851545849355985
1.0,0.048775703862184494,0.04978371227635595,0.05119352584565375,0.05278971518738162,0.016148041245740385,0.027288671957059328,0.025176297785305495,0.01870392282606818,0.027831408181753645,0.027337387186085405,0.0198457848520521,0.013568440346139531
2.0,0.8375222295337856,0.8536176899599682,0.8581207544349784,0.8504125893638883,1.2151358871399591,0.9061953861386808,1.2227663492584737,0.8996305413979457,0.8417345274832031,0.8590156517902089,0.9768879717940001,0.963709954676395
3.0,2.8490178836053177,2.8489130429516774,3.0350147201103135,3.0204347606762365,4.979658813355871,3.597242598709292,4.937647368023784,3.4361874108446915,3.125864573379643,3.1417042801047566,3.5655168206423267,3.4988577746676865
