#kernel,ldk #5,ldk #11,ldk #19,ldk #24,ldk #37,ldk #41,ldk #44,ldk #46,ldk #50,ldk #52,ldk #56,ldk #58
0.0,0.8339947450155865,0.8610882047740397,0.853439902302197,0.8470262211164954,1.2161917588665119,0.9062876627736131,1.2274266271436711,0.9008560318750756,0.8411319196939218,0.8585921171932961,0.9814418699604209,0.9701976026110213
1.0,-0.3901126518493195,-0.3928266125886684,-0.3864077214650358,-0.390955321110677,-0.356794234406739,-0.38434162257515947,-0.3434732525230787,-0.3955877028827378,-0.4158647868169658,-0.41780846698572305,-0.3855658997690668,-0.38808024026702514
2.0,2.8474215722610325,2.874725003829114,3.026808530117727,3.0108701400849567,4.9960195177166185,3.612280763382987,4.957884483772661,3.4488297290424734,3.1330621053122294,3.1487906760063504,3.5926809361956034,3.5321072860655143
3.0,0.04862257134734774,0.05367381321956281,0.05205294392736186,0.05351515677198843,0.016908184384376076,0.028744121241221776,0.025323985722663287,0.019072631935985792,0.02834726838104574,0.027757408461758334,0.020453704044029134,0.014070343619137574
