#kernel,ldk #5,ldk #11,ldk #19,ldk #24,ldk #37,ldk #41,ldk #44,ldk #46,ldk #50,ldk #52,ldk #56,ldk #58
0.0,-0.384934236429664,-0.39197857206645126,-0.3872182164375126,-0.38597912237781296,-0.3568835083528393,-0.38503972880491827,-0.34310473541130243,-0.3963134400406312,-0.4161463526798311,-0.4187825302366243,-0.38752694663782344,-0.3889468716543212
1.0,2.858428603718009,2.8588245153753022,3.0331670790044836,2.977208694999688,4.9910224979810724,3.6208317908585235,4.947203660783863,3.455450537617826,3.1271321231791687,3.144080915364436,3.590361671014765,3.523538469967657
2.0,0.05323537656015086,0.05306091852212869,0.04899384776550411,0.05020980018384616,0.014534376920323114,0.026293632420632488,0.023729040369793515,0.01732896718323756,0.02681198406670737,0.026691116600287716,0.018862911464395664,0.012279490079009341
3.0,0.8428592769001273,0.8574435278966387,0.8563743220014227,0.8363824370319641,1.2176592362494623,0.9116848588994647,1.2245350399585158,0.9038586760306269,0.8414762286553538,0.8596660487510744,0.9786497046520458,0.9663783681521376
