#kernel,ldk #5,ldk #11,ldk #19,ldk #24,ldk #37,ldk #41,ldk #44,ldk #46,ldk #50,ldk #52,ldk #56,ldk #58
0.0,-0.3898360998686374,-0.3914314783656435,-0.3888997670369997,-0.39134279142265926,-0.3561249295756867,-0.38279895510166106,-0.3428009825234091,-0.3959057563952956,-0.41543838861665316,-0.41810701563154723,-0.3858621541076791,-0.38802230854453046
1.0,0.8377263254574863,0.8576156367494411,0.8661301126593881,0.8513923695332276,1.2182469016270956,0.9088335132093346,1.2254508609245822,0.9027007253377818,0.842278756364054,0.8590987471802494,0.981139183896674,0.9704355232407701
2.0,0.04786305754538719,0.05379295692964735,0.05259951247468,0.053531456247167,0.016974283098246015,0.028443757045615182,0.025552381332223383,0.019073350005150796,0.0276641819237909,0.027131203063704337,0.019569537559938663,0.013290456672893209
3.0,2.851831861896827,2.851594500084043,3.0652889400414356,3.0278647750397556,4.997170168435556,3.6084137363778406,4.95347192558278,3.4496378455785686,3.128441627375741,3.1460365781680983,3.5874632459944618,3.52788292355087
