#kernel,ldk #5,ldk #11,ldk #19,ldk #24,ldk #37,ldk #41,ldk #44,ldk #46,ldk #50,ldk #52,ldk #56,ldk #58
0.0,-0.38809104930506083,-0.3907805644137715,-0.3861701604892244,-0.39107598281094336,-0.3557998389156816,-0.3825648862850569,-0.3423336970562388,-0.3945763447098161,-0.4149712598692374,-0.41761017886563484,-0.38376284209298744,-0.3876891423447463
1.0,0.048442148665601856,0.05442601123912263,0.0515078692711305,0.05335773330180067,0.016962499278981125,0.028038487001065437,0.025913368612230703,0.019130627129642676,0.028124098913330568,0.028267926045440216,0.02067517526256159,0.014156284540269452
2.0,2.840510928061515,2.8574545220159817,3.03730771236528,3.022315165633628,4.991650677297186,3.6035740236753586,4.950890589165406,3.4440569311128955,3.130597575045801,3.1458786605485933,3.563269367835602,3.5201256132440824
3.0,0.8331712809056299,0.8569645441740334,0.857681644605505,0.8495200492651708,1.2176741397894282,0.9070521783214259,1.2254477586182158,0.9001281085277545,0.8419981386832701,0.8587456915366499,0.9763763236809625,0.969834247096838
