#kernel,ldk #5,ldk #11,ldk #19,ldk #24,ldk #37,ldk #41,ldk #44,ldk #46,ldk #50,ldk #52,ldk #56,ldk #58
0.0,-0.3934222632121569,-0.3986150396681997,-0.386357622379257,-0.39791976406280166,-0.3597426784545499,-0.38345089097224994,-0.34322094900659705,-0.39584177423685224,-0.41653069388186403,-0.41934355610933177,-0.3885311008010558,-0.3894550235466908
1.0,0.8353021212726006,0.8511202873134538,0.859846105757467,0.8437127586711285,1.2067858841796768,0.9060547859849905,1.2178390222022006,0.8977573397146927,0.8396459939861224,0.8577777422527325,0.9766825388479494,0.9621787836660495
2.0,2.8484772613824294,2.84962240437415,3.034748527555054,3.0101262026096274,4.9770170157066875,3.601170053053005,4.938757163235922,3.4348262488263517,3.1153589276795266,3.134844764776274,3.599547396694677,3.5240844369948388
3.0,0.045484539607050276,0.04713669286350391,0.050793885907246795,0.04558972619404537,0.01206112471684842,0.027204197215911,0.02422796783980415,0.018388736910594946,0.026683137776178596,0.02604699198726631,0.01909563137274875,0.012394680113772096
