#kernel,ldk #5,ldk #11,ldk #19,ldk #24,ldk #37,ldk #41,ldk #44,ldk #46,ldk #50,ldk #52,ldk #56,ldk #58
0.0,-0.3859891325593496,-0.39328760085171666,-0.3879263122713957,-0.40014945884237,-0.35701598242488164,-0.38419321966008535,-0.3431579509050868,-0.39645538943664665,-0.41680743790531777,-0.41965149218470765,-0.38705670112308654,-0.3893979673905885
1.0,0.048953053052522164,0.04968002203817022,0.04765017841142907,0.04376806653440169,0.01300638125015822,0.024106500633046656,0.02231061655593856,0.015545483515105214,0.02447461445951196,0.024174385003950527,0.0167464422264035,0.009623175265311083
2.0,2.8517814978298843,2.84142547835697,3.0307166856191134,3.0082871662932202,4.962559566866557,3.5933966186997863,4.9195455668869466,3.436930824203356,3.1229457266418,3.137727053620827,3.5686566482486914,3.5121262466393532
3.0,0.8387832375271987,0.8521866446684403,0.8555327015906289,0.8389688464736332,1.2075235859008386,0.9026843516018739,1.2138002085938726,0.8951467942637725,0.8355932579361086,0.8525481728033639,0.9709257476323122,0.9607847322472901
