#kernel,ldk #5,ldk #11,ldk #19,ldk #24,ldk #37,ldk #41,ldk #44,ldk #46,ldk #50,ldk #52,ldk #56,ldk #58
0.0,0.05066190295970093,0.05102957364655215,0.05256818197708628,0.04714783498003973,0.017418540339647588,0.029306210036684526,0.025777424862975764,0.019487603940258665,0.029591433733919478,0.028597937228569934,0.021327580983944234,0.015221044709562804
1.0,0.8359726341677137,0.852297980918607,0.856709557290249,0.841508861439162,1.2165560661258032,0.9057732389434977,1.2232549650800508,0.8989443481746324,0.8409784432855733,0.8577525504786654,0.9795944243965363,0.962561034685903
2.0,-0.38893444524938703,-0.3941350772249871,-0.38614166338264516,-0.39779212154248045,-0.3552859770788774,-0.38197308184138024,-0.3415051318716485,-0.39409008109138877,-0.41443498340354573,-0.4171543978183418,-0.3849233458278627,-0.38460352144914267
3.0,2.840632861988651,2.839182724095105,3.0156997283692943,2.9991597289140155,4.981605107173876,3.5907883603947175,4.938914485801797,3.430677513067914,3.1196815131706344,3.135366492482754,3.5703267190994965,3.488726793146713
