#kernel,ldk #5,ldk #11,ldk #19,ldk #24,ldk #37,ldk #41,ldk #44,ldk #46,ldk #50,ldk #52,ldk #56,ldk #58
0.0,2.8451612568512408,2.851341383387185,3.0399714738472516,3.0142253024996783,4.976998488065443,3.5871897863590374,4.925742766166567,3.4304379255475275,3.12805891258942,3.144132184001926,3.584188763440714,3.5027591363300616
1.0,-0.38992706393755283,-0.39580553245104,-0.3851867967710834,-0.3977038819948847,-0.35645185497188653,-0.37950583846839203,-0.3393875482428416,-0.39255150173850856,-0.4148677837162255,-0.4175645908877423,-0.38507954321181653,-0.3848637075657082
2.0,0.04751212248062221,0.050070247522611494,0.0536898097613727,0.047823584124308025,0.01646979501254039,0.030034306681565558,0.02749736431938714,0.020760299808957414,0.02854992751702721,0.027985472074538296,0.020780362839523517,0.014386812360346501
3.0,0.8357511319376708,0.8533213552521277,0.8610255543757418,0.8442071234532694,1.21560644902001,0.904959877274094,1.2226010593046543,0.8991141205378311,0.8415880239682099,0.8589583668291164,0.9831943857221586,0.9659971838664159
