#kernel,ldk #5,ldk #11,ldk #19,ldk #24,ldk #37,ldk #41,ldk #44,ldk #46,ldk #50,ldk #52,ldk #56,ldk #58
0.0,2.8694695710750415,2.88096069992118,3.0326276793234426,2.9675920272680663,4.99929473069703,3.617364292957502,4.964976664040089,3.479400376198572,3.1428452949884327,3.142888667251443,3.600029091555373,3.5351000385408993
1.0,-0.3863741814684708,-0.39124149452981066,-0.3876454597101829,-0.3875507081532823,-0.35740970243224285,-0.38541221602181364,-0.3442961726796247,-0.39596990824632994,-0.4096847525587317,-0.4093826532659166,-0.3899718487302118,-0.3823544710600511
2.0,0.05262741509544996,0.05688347652651166,0.049255756058806714,0.04990164313425355,0.014306838537933358,0.026042541600885996,0.023562334847705826,0.020973327316502293,0.03471647881966718,0.035028963749889785,0.01760567147334074,0.019699146081316253
3.0,0.8420465824656405,0.8656499722564712,0.8569899384895635,0.832492246270893,1.2190890347460202,0.9103099490201614,1.2285879628278962,0.9102925299480169,0.8523787624035566,0.865873094709388,0.9751769374983621,0.9689795814337072
