#kernel,ldk #5,ldk #11,ldk #19,ldk #24,ldk #37,ldk #41,ldk #44,ldk #46,ldk #50,ldk #52,ldk #56,ldk #58
0.0,-0.3891149784348938,-0.3921890489262675,-0.38378151963483853,-0.3938686500524779,-0.3553416529513745,-0.3818590695025773,-0.34124855373758717,-0.3911508773256458,-0.415339128120523,-0.411075599181405,-0.3828693344617739,-0.37993781039054836
1.0,2.8377720138416738,2.8504152179507716,3.020295006090666,3.017594503020494,4.978294981182637,3.581697544250398,4.9748064919648085,3.42806412716649,3.1650148955715,3.128210483826616,3.546761737070535,3.483824960243729
2.0,0.8324313127989291,0.8549598415069313,0.8530615541082702,0.84677404808256,1.2171486093855954,0.9034610083669896,1.2381330127400991,0.9011167997961698,0.8559117090271527,0.8591126744583745,0.9751094972212445,0.9655827856094962
3.0,0.047841393308480654,0.0529245551648472,0.052418731452356655,0.050855425107830844,0.01783625120419118,0.028638331410383844,0.030249571900424523,0.022087339921139593,0.03303987861969467,0.03200894146361593,0.02058130567866371,0.01827615952703375
