#kernel,ldk #5,ldk #11,ldk #19,ldk #24,ldk #37,ldk #41,ldk #44,ldk #46,ldk #50,ldk #52,ldk #56,ldk #58
0.0,0.05416262279554508,0.053326949370095036,0.05058410911096984,0.05251721407842534,0.01612345982978953,0.027349552575063486,0.02535148740716473,0.01868757520597318,0.036406547180089434,0.026035310375006858,0.01937406856398194,0.012992306555365773
1.0,-0.38433378400230356,-0.39373399357571065,-0.3867361724283226,-0.39125950976096463,-0.356111796384436,-0.38458711981743604,-0.3425706030037332,-0.39583206196004017,-0.40691127264570265,-0.4182244289138789,-0.38590625053198385,-0.3882481081808466
2.0,0.8404770635589817,0.8578994119010283,0.8578462056217703,0.8450374245052653,1.2179487068596133,0.9082042804114567,1.225035707884101,0.8999449313254195,0.8506053277792494,0.8539754556763778,0.9765019311121677,0.9661771123826961
3.0,2.854387740212919,2.8685976860184095,3.0393594338402856,3.0124270757214755,4.994807671844726,3.612884646699214,4.954368610715907,3.450747738390571,3.13935002723164,3.1361955922404605,3.578919790389333,3.5178724317493004
