#kernel,ldk #5,ldk #11,ldk #19,ldk #24,ldk #37,ldk #41,ldk #44,ldk #46,ldk #50,ldk #52,ldk #56,ldk #58
0.0,-0.3919097949542169,-0.3910922214939913,-0.38637662270349155,-0.391107124333862,-0.35660337406870707,-0.3824277107390428,-0.3428584657959729,-0.3945101816175738,-0.4150892792057126,-0.41784277633861744,-0.386641578076444,-0.38762882514914127
1.0,2.8655318764064757,2.8583906351858377,3.038188253307729,3.014105473594506,5.0123389919999015,3.615861769722179,4.9662155699501325,3.45004857850554,3.1298065288977366,3.1450719931446476,3.600115359601867,3.5290482341179565
2.0,0.8397641303021885,0.8567594753952251,0.8582511049027991,0.847926917634474,1.21684017523447,0.9083739823478703,1.2247161325721965,0.9016590551908841,0.8406743583799117,0.8574594246971309,0.9855032368088266,0.9712018038597923
3.0,0.048342803751216995,0.053689280034093755,0.05192430652909958,0.05394225824690308,0.016403113383868302,0.028549829780976813,0.025231225023850137,0.019586128912538803,0.027828778997298804,0.02726485478709569,0.020508241566893442,0.013932342429647158
