#kernel,ldk #5,ldk #11,ldk #19,ldk #24,ldk #37,ldk #41,ldk #44,ldk #46,ldk #50,ldk #52,ldk #56,ldk #58
0.0,-0.38567122483797617,-0.3917835294523699,-0.38816062558545766,-0.386349533249548,-0.35724246081261496,-0.38641324754282275,-0.3408760392657686,-0.39559191858579723,-0.40687114128939383,-0.4188421380109164,-0.38459419401897366,-0.38853804898931216
1.0,0.05116203724411386,0.05315384756678099,0.047263562451171914,0.050997535337842126,0.013979808283760822,0.02327852533913646,0.02579380012579023,0.01903182601365567,0.03556625974887001,0.02671863236029615,0.019872577659384286,0.012405598364120276
2.0,2.8706897020735336,2.8657209322078057,3.045383203238073,2.9782086380172665,5.005092517729221,3.6290268992114503,4.92997135446072,3.4493542957344556,3.1461400183930825,3.1507152651844126,3.582467302678182,3.536639494583662
3.0,0.8438449778406137,0.859400255201899,0.856836832547571,0.83811094384883,1.218349506391269,0.909102810106766,1.2209388074409688,0.9036217767933816,0.8511099645229249,0.8602414883228531,0.9824703305670309,0.9738855014324346
