#kernel,ldk #5,ldk #11,ldk #19,ldk #24,ldk #37,ldk #41,ldk #44,ldk #46,ldk #50,ldk #52,ldk #56,ldk #58
0.0,-0.3868535840523537,-0.39225555607148427,-0.38588608274649683,-0.3928644099013197,-0.35723139016528144,-0.3799748552094751,-0.3382767216347052,-0.3902795515664974,-0.4124648563214022,-0.41505904821763895,-0.38732550319853615,-0.38143188910285913
1.0,0.8383457649894901,0.8571967082835396,0.859437297799373,0.8469411455022543,1.2232773850863132,0.913257461384896,1.2283889203352507,0.9054550756010782,0.8456660683675833,0.8638769692569308,0.982236565220391,0.9702686973525436
2.0,2.851061599376661,2.858011431193854,3.0445747593499823,3.0181233389545254,4.981492803828547,3.6005863431467406,4.91750930785527,3.4377427029689116,3.1410794256887713,3.1566089059168436,3.5871769862956846,3.5136811626636186
3.0,0.05119852618993066,0.05334083262830641,0.052867470246537866,0.05192544636442228,0.016410245683839485,0.03211925364679315,0.028230732540239587,0.023365648894935923,0.031096749905269793,0.030757840926458252,0.019082273049336986,0.018105022335519118
