#kernel,ldk #5,ldk #11,ldk #19,ldk #24,ldk #37,ldk #41,ldk #44,ldk #46,ldk #50,ldk #52,ldk #56,ldk #58
0.0,-0.3895411125275849,-0.3949980682707124,-0.38401483655616986,-0.39564427822156456,-0.35712517929605847,-0.38408822105492213,-0.3399894163487226,-0.39266158077984814,-0.41708871718493,-0.4132757833766214,-0.3892131125095485,-0.38336705913529867
1.0,2.829059097530925,2.840238222308826,3.0317896250406213,3.007257317336967,4.9771903356012706,3.578418378320764,4.93273267411784,3.4248618683352725,3.1449884193893283,3.1124248667530194,3.5673535478530263,3.4801595747180962
2.0,0.8318833557817948,0.8498548980778531,0.8584696104713397,0.8426445636879059,1.214542900883202,0.9000198512153788,1.223420721046932,0.8972114641582867,0.8484799894419027,0.8516400194280876,0.9770001165650498,0.9618610742683105
3.0,0.04950720296980611,0.05204851924853773,0.05511379578841894,0.04998520195398586,0.014719853505528008,0.027059877204641262,0.026209948983953735,0.021229553399667762,0.0321599660870252,0.030286537350414623,0.01874437426849441,0.016815244386694198
