#kernel,ldk #5,ldk #11,ldk #19,ldk #24,ldk #37,ldk #41,ldk #44,ldk #46,ldk #50,ldk #52,ldk #56,ldk #58
0.0,0.05011282407102776,0.05206282935325007,0.052658113866580133,0.048072322966526984,0.017162334394441158,0.029686920832522903,0.02608213311163557,0.020810426576449735,0.02935055924467148,0.02869233432294127,0.020809693357305464,0.0142483002295581
1.0,0.8425171416580945,0.8574244972546715,0.8609857410433669,0.8470556054335572,1.2155378654141784,0.9099971694697006,1.2280305058336127,0.9010578839576857,0.8427094187597102,0.8592408690177424,0.9839535021086974,0.9714470145785497
2.0,-0.38878470884647354,-0.3934373360479079,-0.3853881685460758,-0.39750501293652185,-0.3555325279522798,-0.38336247104484084,-0.3436908374077691,-0.3947379029016816,-0.4139958751818142,-0.41672184081991137,-0.3858408958678427,-0.3869044052464658
3.0,2.8613481336263966,2.858756350036592,3.0420412589994843,3.026279552862489,5.012033028606155,3.6257108974408836,4.991393659597307,3.457133908237963,3.1280414506217538,3.1424535983132142,3.586379798175207,3.522607261348792
