#kernel,ldk #5,ldk #11,ldk #19,ldk #24,ldk #37,ldk #41,ldk #44,ldk #46,ldk #50,ldk #52,ldk #56,ldk #58
0.0,-0.38861922255392817,-0.3917288919633367,-0.38699869015864186,-0.39158968996665333,-0.35629765095334776,-0.3831188988366403,-0.3427751905630878,-0.39508607682374425,-0.41562911837524885,-0.41833948410377453,-0.3842919317681971,-0.385553225972171
1.0,0.04740503107589501,0.052359082839526394,0.049381125546663275,0.051602522140459274,0.015340603669488313,0.026427813233554698,0.024507665143224472,0.01829715120614832,0.027888417816220094,0.02717108339138358,0.019307500416272872,0.01263201400990482
2.0,2.8387143791186773,2.8563374508697996,3.038460506092601,3.0202370798766562,4.988121212044098,3.602578377002637,4.947215413078697,3.4414349652718728,3.128347839715519,3.1434035052314613,3.5665062050382055,3.4997232160197442
3.0,0.8332861693877935,0.8574261172540034,0.8578804443690071,0.8489928755455423,1.2159133735774548,0.9066310778539786,1.2239352456944157,0.900767940814573,0.8425219513429552,0.8595237787769837,0.9777309185190723,0.9641614091628546
