#kernel,ldk #5,ldk #11,ldk #19,ldk #24,ldk #37,ldk #41,ldk #44,ldk #46,ldk #50,ldk #52,ldk #56,ldk #58
0.0,-0.39004796624044785,-0.39494154104036516,-0.38639432726676926,-0.3913696586285038,-0.3559881021570063,-0.3827672582755184,-0.34253204667167914,-0.39485311921789296,-0.41523615018406856,-0.41790513769064463,-0.3854939256550456,-0.38519944956536323
1.0,0.8378172179527624,0.8539355069084409,0.8592284703003843,0.8492102777138871,1.2180728913981667,0.9081232842726356,1.225304285499623,0.900042462090565,0.842137357379363,0.859244314402168,0.9819634481388878,0.9649028882624677
2.0,0.04873675590144779,0.05097508853778778,0.05146549818812178,0.05288049595330051,0.016914475193073965,0.02831346322738355,0.025657589577322774,0.019256770857946463,0.028081867057076666,0.02796023502755517,0.020709810760043777,0.013909814853371616
3.0,2.853603503027754,2.8523010972617806,3.038113675336128,3.020855132864672,4.9933429712540915,3.603389219126639,4.951990485962149,3.4409627381715135,3.1288471202460437,3.144337919265708,3.5822518994033126,3.5011021315770696
