#kernel,ldk #5,ldk #11,ldk #19,ldk #24,ldk #37,ldk #41,ldk #44,ldk #46,ldk #50,ldk #52,ldk #56,ldk #58
0.0,-0.38956601842466665,-0.39615132075257187,-0.3842756369049746,-0.3996330437322525,-0.35720789328938574,-0.38387860862036294,-0.3434486129134244,-0.39683927743450126,-0.41801388257264055,-0.4179379408384422,-0.39206627593471854,-0.3861647109703095
1.0,2.8372604122057092,2.8504446474577647,3.0144779652324916,3.0221429164176685,5.000632033106311,3.60716805589292,4.9588084941482995,3.451770878437858,3.1515750704711873,3.1489168340661955,3.5822822297667245,3.5057783921805123
2.0,0.04797284973551261,0.049567992891618756,0.051951346135098435,0.04670530851094201,0.0152166190798117,0.027822248427019126,0.024279483340826864,0.019028229849147486,0.02977947214177657,0.029074422587255844,0.01506347878735559,0.014207804265132181
3.0,0.8324522716003231,0.8518246658676398,0.8542534199180165,0.8446427847150786,1.218340752937319,0.9093811765566038,1.224905266424904,0.9011147495369068,0.849484767675268,0.8614208354298397,0.978749953417038,0.9669629855766723
