#kernel,ldk #5,ldk #11,ldk #19,ldk #24,ldk #37,ldk #41,ldk #44,ldk #46,ldk #50,ldk #52,ldk #56,ldk #58
0.0,0.049275377590993874,0.04966037840584508,0.04596581305651121,0.04884885303831386,0.010991900777637672,0.022248305820071198,0.020871243250296448,0.01456514907584563,0.023116501771496174,0.023449942238949393,0.014908700393208007,0.008177805768076493
1.0,-0.3871152542243234,-0.3940584078917017,-0.38915455830110285,-0.39243232754504415,-0.35839681802796913,-0.38719610100097396,-0.3447696704357402,-0.3985538232335715,-0.41812462070610584,-0.4208652849780689,-0.38966421281250313,-0.3923278722702034
2.0,0.835463027537446,0.850343630675312,0.8562431573207795,0.8463417416350757,1.1988098983142879,0.901090824732819,1.2071548059120236,0.891839265976625,0.8356383739666275,0.8533123180860795,0.9596805255551636,0.9508247399327547
3.0,2.8420090490513714,2.840494248709094,3.0335988317627622,3.008638719154355,4.976788700874681,3.6059838329921003,4.938195173566131,3.439388877889697,3.1126776287308426,3.1330614144330866,3.554276368957598,3.5022919486877795
