#kernel,ldk #5,ldk #11,ldk #19,ldk #24,ldk #37,ldk #41,ldk #44,ldk #46,ldk #50,ldk #52,ldk #56,ldk #58
0.0,-0.3921249765798189,-0.3951046304294439,-0.38657135457398495,-0.39478444425148557,-0.357599787958979,-0.3847421413829259,-0.3418083856104652,-0.39290871784122505,-0.4169196748120817,-0.4127895615615118,-0.3890990867919566,-0.3848716523619009
1.0,2.839487846339996,2.84908538691947,3.0348401175862985,3.0118320205953983,4.975950856509712,3.5722789179943355,4.971681624503283,3.424007562049623,3.141951150567616,3.1108479125408253,3.5691487972830607,3.4880574896012453
2.0,0.044833482430589267,0.04947530310885232,0.051071505290944855,0.049119362419621046,0.014569382191417655,0.02436844134821023,0.028191136229308775,0.019742875451394564,0.029631127301300363,0.02890264655352876,0.016119247807946404,0.01327833120894937
3.0,0.8314122067526697,0.8518829367153942,0.8581348461033594,0.8438111990795878,1.2137271984383777,0.9006244051037031,1.2334223195555993,0.8968416971345288,0.8496283735763798,0.8529825869137478,0.9760359101442871,0.963151032057673
