#kernel,ldk #5,ldk #11,ldk #19,ldk #24,ldk #37,ldk #41,ldk #44,ldk #46,ldk #50,ldk #52,ldk #56,ldk #58
0.0,-0.3941051271775234,-0.3971676822238763,-0.38840945326349957,-0.39309104002931716,-0.35836785176707264,-0.386254865237022,-0.3442255266190457,-0.39750426924469606,-0.41783872887366436,-0.41986150816446743,-0.3879345801439216,-0.38988475787015786
1.0,0.8308995949569561,0.8464666491161411,0.8491582413227244,0.8431666265168303,1.2057900772901486,0.8999433004092954,1.213688405542997,0.8953187251600393,0.8344356806984733,0.8520161473753968,0.970714400151432,0.959339140468017
2.0,0.04507505061882272,0.04656368370757737,0.04790378461627852,0.05013302357475445,0.012912188119017596,0.024409356885499743,0.022051663984148453,0.01614808613772132,0.024361093104241,0.024060647985995148,0.016557561363938836,0.010067902925252612
3.0,2.855574760423966,2.8445251816726063,3.023013021105408,3.010492030215338,4.980932332591724,3.6112404710540487,4.928521412901823,3.445007790877505,3.114850798427864,3.127744333221092,3.564773344001231,3.509215901654433
