#kernel,ldk #5,ldk #11,ldk #19,ldk #24,ldk #37,ldk #41,ldk #44,ldk #46,ldk #50,ldk #52,ldk #56,ldk #58
0.0,-0.39079039559980533,-0.39547129680252074,-0.38569741445189387,-0.3961643651149985,-0.3583372542008777,-0.38668740057495987,-0.3402135478566966,-0.3910612795571029,-0.41698681784627323,-0.41697925751211407,-0.3904128996418128,-0.38440675558179205
1.0,0.04866792950708922,0.05037408837092392,0.05329638455631434,0.04818424129445847,0.01471321220774221,0.025497435601005432,0.026462552802243713,0.021272627366882634,0.030274465796530425,0.02937258933350185,0.016108907073945817,0.015613005885062226
2.0,0.8370817245356788,0.8541677467001653,0.8613922787407015,0.8433619867796268,1.2160778861043355,0.9059926811760234,1.222600342938024,0.8988902960287657,0.8468908329061213,0.8582819174518674,0.9751293069993432,0.9648020438337092
3.0,2.8474195009248238,2.8526093443386067,3.0479114884518657,3.0108477651227554,4.9994226451986785,3.605427396364566,4.9407234026074045,3.4306577367454008,3.1460663323824973,3.1407293559078084,3.555315979748605,3.486882508568414
