#kernel,ldk #5,ldk #11,ldk #19,ldk #24,ldk #37,ldk #41,ldk #44,ldk #46,ldk #50,ldk #52,ldk #56,ldk #58
0.0,-0.3901657089126833,-0.3945887381950999,-0.38756450260894654,-0.39702739940489495,-0.3577524195977906,-0.3819796889252606,-0.3404246757321504,-0.39372207475007137,-0.4172717109281956,-0.41727573571926735,-0.3846953063931511,-0.38448271470753626
1.0,0.05039693295495569,0.05186074958001152,0.0535095051211232,0.047967132792398816,0.01502306764030175,0.029670970283701352,0.02712620229881219,0.020736329744688614,0.03026709513308408,0.029464856134727258,0.02238645763533291,0.015912423989305723
2.0,0.8381882614767593,0.8537232650154777,0.8657178214905886,0.8454274253467383,1.2184459971517962,0.9092153088241435,1.2285665826908558,0.9026775858878752,0.8483124871704889,0.8598929527502603,0.98400861364644,0.9668727090696162
3.0,2.8526141949107737,2.8508525453351528,3.06150300353864,3.0205375267385213,4.997052824985467,3.605830462116796,4.955437784078503,3.446187070032825,3.1473815832565224,3.142381955431519,3.5850388602370358,3.5031687219906398
