#kernel,ldk #5,ldk #11,ldk #19,ldk #24,ldk #37,ldk #41,ldk #44,ldk #46,ldk #50,ldk #52,ldk #56,ldk #58
0.0,-0.3892780663471407,-0.3941362231076222,-0.3856863199470918,-0.39079044608510904,-0.3554730315981632,-0.38234109997039634,-0.3421455624448627,-0.3942711148439738,-0.41426410895994503,-0.4171062918058193,-0.39042406697384024,-0.384228008191172
1.0,2.85266850168023,2.8513324396746293,3.035216958396527,3.023023728021784,4.993437828596643,3.6025488307604463,4.954475383930488,3.442897138146161,3.1283768092911877,3.142770863711311,3.57541018271314,3.5006012930253196
2.0,0.04942132988583751,0.05084201340489336,0.051612584978648526,0.05321793014461009,0.016814524665587735,0.0276457116796609,0.026098074758359173,0.019501351416374896,0.029446305011780523,0.02861379555735965,0.016367297218136567,0.015835490498575664
3.0,0.8397219083579723,0.8547108025439132,0.8573861438578779,0.8520134348571572,1.2175593668163054,0.9080328851147129,1.2252193828281024,0.9009462687861793,0.8436520861585215,0.859445391294775,0.9799603739821112,0.9684208132197122
