#kernel,ldk #5,ldk #11,ldk #19,ldk #24,ldk #37,ldk #41,ldk #44,ldk #46,ldk #50,ldk #52,ldk #56,ldk #58
0.0,-0.3906847736851927,-0.39327730024609525,-0.38339110244963687,-0.3946958389184494,-0.3551717257743246,-0.3814559773603394,-0.34116405700029845,-0.39042192856852226,-0.413421673478946,-0.4096163742605502,-0.3864962917575346,-0.38312061922473634
1.0,0.046695467122340774,0.05222470913044115,0.055665269847136,0.050332302918927915,0.017077679022345856,0.02763911399762649,0.029118200760188166,0.023027059984923735,0.033015922079217656,0.03190761936442909,0.01894489389866241,0.0165349717101326
2.0,0.8328065185642949,0.8555545657097265,0.8628389943304419,0.8441955900703987,1.2190263696064474,0.9036933540192797,1.2394540407061043,0.9032126107033999,0.8534602400656687,0.8567337057008243,0.9805211979574705,0.9698505033916976
3.0,2.838182715434056,2.8519484771490915,3.043255090254836,3.0115334326951353,4.9870689987175565,3.587124806141881,4.985654128513396,3.438889813813874,3.1557649828162417,3.120964641577546,3.5726714170464824,3.50507480482236
