#kernel,ldk #5,ldk #11,ldk #19,ldk #24,ldk #37,ldk #41,ldk #44,ldk #46,ldk #50,ldk #52,ldk #56,ldk #58
0.0,-0.3902238421074545,-0.3936159514283538,-0.3866854543373663,-0.391287689417759,-0.35601460370093657,-0.38454701135780006,-0.3426732602736419,-0.3958563515722571,-0.4088176643465635,-0.40925050989154177,-0.3873998780857891,-0.38841882390108085
1.0,2.8493898996165794,2.871601201156896,3.044150206473011,3.026658716251064,4.99529891995821,3.619672058882671,4.959205302560629,3.453486120087643,3.1436086911748586,3.1443931757227035,3.583767297658743,3.5157263356111166
2.0,0.048439849931380896,0.05393653559092876,0.051071518047717965,0.05286898408356562,0.015618514426610294,0.027201841827236575,0.024749933875300747,0.0185325637509092,0.03567620987546812,0.03549620343845733,0.019054331049944626,0.012373898828464753
3.0,0.8319532360628185,0.8556558200131243,0.85789563211169,0.8480720522660861,1.2176554573867837,0.9086452450263377,1.2264526093947115,0.8998831629242349,0.8460088741078429,0.8597129839372163,0.9715803142510133,0.9580082841755921
