#kernel,ldk #5,ldk #11,ldk #19,ldk #24,ldk #37,ldk #41,ldk #44,ldk #46,ldk #50,ldk #52,ldk #56,ldk #58
0.0,0.8232916931083498,0.844609047962349,0.8538560949296868,0.8369292517277848,1.2053479829669673,0.8992369653771319,1.2126341958193079,0.8904671266937272,0.8408529308731948,0.8523804072384534,0.9638623816243783,0.9512952065275806
1.0,-0.39624848114300215,-0.3987972412458227,-0.3894123513472707,-0.401827160684665,-0.35823485498261676,-0.3849056212436032,-0.34487799727392426,-0.39752191990707797,-0.42042854863270923,-0.4207077199803892,-0.39366304877716757,-0.3892788484796942
2.0,2.8266746188831458,2.8352910596277194,3.021239782727779,3.000684509766758,4.985444427815333,3.5956682362575614,4.945345619740208,3.4352612841150276,3.132339861867616,3.127709427376462,3.5588987943115473,3.4828469200987766
3.0,0.04166904578035781,0.046350029876668676,0.04891631353739355,0.04267739079507247,0.010415457798734823,0.02453318937948625,0.019109838701382824,0.014705353556447719,0.025796467833707024,0.02486555340387619,0.012535831323776295,0.010173097677947622
