#kernel,ldk #5,ldk #11,ldk #19,ldk #24,ldk #37,ldk #41,ldk #44,ldk #46,ldk #50,ldk #52,ldk #56,ldk #58
0.0,-0.38836881550871405,-0.39674558433143337,-0.38413932648515936,-0.3991563273282834,-0.35684230634749947,-0.38423393446418547,-0.33982685700814547,-0.39278133512017677,-0.41751647104762,-0.41333378975182994,-0.3898639292480286,-0.3848190422730237
1.0,0.8358443328967552,0.8515201256241364,0.8541772476965733,0.8448503743504753,1.2109691878812079,0.8990538927987699,1.2188207338552925,0.8990752045374566,0.8483125329975609,0.851889658222406,0.9747777491096241,0.9659683267244041
2.0,0.049096575888232324,0.048870969094178186,0.05102332378486606,0.045929073043886076,0.015299671472091613,0.025075244438593932,0.02661853330067116,0.020596316765564577,0.02997560874052134,0.029109894765522098,0.015999999601944332,0.015433870603720692
3.0,2.8432740293616963,2.8445398861265594,3.01479169961081,3.0144046371850055,4.968912475621718,3.5778102847342774,4.918572723950718,3.428903206743614,3.145647614638593,3.1114240993287123,3.5676575824505017,3.5010789076262325
