#kernel,ldk #5,ldk #11,ldk #19,ldk #24,ldk #37,ldk #41,ldk #44,ldk #46,ldk #50,ldk #52,ldk #56,ldk #58
0.0,-0.39014377470408407,-0.3932475585505318,-0.3868015228671742,-0.39146087286040293,-0.35605380561181765,-0.3827557473773591,-0.3423477417070286,-0.3948430262168105,-0.41511164866542427,-0.4178831814994582,-0.38717473423387583,-0.38771980777273085
1.0,0.8377284834990827,0.8586298802579891,0.8575866850152767,0.8477529361082676,1.2198919803620345,0.9083641385006156,1.2275341430308842,0.901558578054453,0.8424883234276862,0.8580768276088401,0.9814183744741619,0.967545692591932
2.0,0.0483278043824658,0.05378537257709663,0.05063529714188146,0.05238519563542586,0.016242835436994087,0.027656048127352385,0.025180714050713832,0.018853986674600948,0.028586071973173383,0.02789180093782506,0.020387575951592435,0.013944600300834144
3.0,2.849410275843157,2.8661809525470487,3.0326119915480785,3.0167514341572637,4.992354310254355,3.602036941711763,4.94922891425421,3.4406543572363826,3.122681475047949,3.137262240935568,3.591693674200962,3.5192016637007204
