#kernel,ldk #5,ldk #11,ldk #19,ldk #24,ldk #37,ldk #41,ldk #44,ldk #46,ldk #50,ldk #52,ldk #56,ldk #58
0.0,-0.3824587820641243,-0.39153179394598187,-0.3868959556400113,-0.3914460333649841,-0.35674583130376664,-0.38471900874463666,-0.3435954419806867,-0.3959870021882855,-0.41540624249283054,-0.418101320493442,-0.3841275000348618,-0.3853871080579732
1.0,0.8398871925144455,0.8578271708430028,0.858258679190806,0.8501589453533862,1.214201479454778,0.9096396988990568,1.224470631575931,0.9008689516347237,0.8446297896370819,0.8617864520460563,0.9803868087491502,0.967104001884223
2.0,2.846397933379179,2.858088096911687,3.0420900368685024,3.0213799676158546,4.982007523832491,3.6189480134417606,4.947746112073924,3.4466451475398934,3.1307265362357004,3.146735661287518,3.5694557963201428,3.5020270270051768
3.0,0.05390851344738786,0.053563154241034534,0.05101061141751894,0.05289254468408269,0.01576233827208784,0.027772616369839992,0.02490872370952196,0.018661377665514886,0.02856580754646674,0.028004445093443228,0.020491641557060108,0.013997536832819757
