#kernel,ldk #5,ldk #11,ldk #19,ldk #24,ldk #37,ldk #41,ldk #44,ldk #46,ldk #50,ldk #52,ldk #56,ldk #58
0.0,0.8424516269554356,0.8641225754717702,0.8592179920161109,0.8452403958872206,1.221023826066056,0.908728896172446,1.2296814893607555,0.9058401557963444,0.8412225755824265,0.857071469652086,0.9817248410175533,0.9717692570907587
1.0,-0.38477326124190914,-0.38921252646941074,-0.3866561261940427,-0.39174105558770106,-0.35586823068979595,-0.38278717698643194,-0.3434278815798592,-0.39863637721757633,-0.4153746819451632,-0.418134880397184,-0.3858153809975665,-0.38792434027426614
2.0,0.05354884711490577,0.056883095411623126,0.05160521565121597,0.051474867932557344,0.01699488494704275,0.02798169736895929,0.025115180486113265,0.017966489769465414,0.02758387205762672,0.02647452812017009,0.01984549812033866,0.01386049939150478
3.0,2.86164656796647,2.8759450467061125,3.039571200121992,3.0143570914357576,5.001774995721242,3.606884180592032,4.9713455407433305,3.47195079013721,3.131138383234786,3.1448668874956844,3.586966381288595,3.5290322676547294
