#kernel,ldk #5,ldk #11,ldk #19,ldk #24,ldk #37,ldk #41,ldk #44,ldk #46,ldk #50,ldk #52,ldk #56,ldk #58
0.0,-0.39231429737506474,-0.39876642757523545,-0.38893953637046297,-0.3999470332273713,-0.3593334224378608,-0.3831081131052888,-0.34176740236850456,-0.39591707011066757,-0.41907930096399243,-0.4217967972545315,-0.3872359302183378,-0.3883343087235988
1.0,0.8280700101424603,0.846992085900009,0.8531268854649533,0.8345587789110772,1.1980391750309842,0.8955221453417627,1.2061644312912472,0.8901775117470737,0.8361360147539044,0.8529104652111283,0.9675604784752948,0.9544234502887207
2.0,0.04207469110992842,0.0444324458377883,0.04776730003908104,0.0418044286617073,0.009870701741953486,0.023672410052024473,0.022501938840556606,0.015320651476060786,0.022655916109408324,0.022066608579575892,0.015049830091553274,0.008726362318311635
3.0,2.8285279509955945,2.8381710121731003,3.0239924301579237,2.991839393036727,4.948538518420934,3.566761549100431,4.9016361475242665,3.4167443879279955,3.1150791574070684,3.130335495602522,3.55319970854365,3.48647078709699
