#kernel,ldk #5,ldk #11,ldk #19,ldk #24,ldk #37,ldk #41,ldk #44,ldk #46,ldk #50,ldk #52,ldk #56,ldk #58
0.0,0.8259170011087829,0.843297815767714,0.8532402460689906,0.83514487837396,1.2047387302974448,0.8928921515754935,1.2254980031341056,0.8898741238131218,0.8415675143934613,0.8449788846101696,0.9654610266314995,0.9553491845203661
1.0,-0.3916018495716203,-0.39817905047307073,-0.38647293093968316,-0.3982528425103973,-0.3576140273755202,-0.3846974555410112,-0.3426770592066815,-0.3926342527666404,-0.4189008154725795,-0.41448552350232454,-0.3901059530151344,-0.38692452257128246
2.0,0.04460885872208444,0.04598017700444906,0.05029010016689357,0.045266498035723406,0.012282354091929551,0.022834144259766615,0.02562765846291347,0.018544259966369343,0.026928539358046507,0.026394867525844915,0.01361988650076286,0.011228702212454656
3.0,2.8330585577799967,2.842340417344701,3.0231596722843186,2.996067008504563,4.954365216322552,3.564423931419184,4.9565061710754765,3.412649577776495,3.14253317586092,3.1082502441909186,3.5499451372428243,3.483097590504182
