#kernel,ldk #5,ldk #11,ldk #19,ldk #24,ldk #37,ldk #41,ldk #44,ldk #46,ldk #50,ldk #52,ldk #56,ldk #58
0.0,-0.39162945325355164,-0.3947067895883159,-0.3878792836151197,-0.3926576767419136,-0.3571293587752731,-0.3843122463659323,-0.34431491312079604,-0.39707295112846874,-0.41677137520387625,-0.41969080040803797,-0.3870200109810012,-0.38940795561637603
1.0,0.04574891205107731,0.049986379440645386,0.047983718135625096,0.049069508464981496,0.013290869984757966,0.024675040126029887,0.021421072411452087,0.01482409029224848,0.024547956549918152,0.023653563831568445,0.016617888407617864,0.010635530408095789
2.0,2.8376499974752187,2.8507091710887877,3.010744113269762,2.9961767641553925,4.949735389321995,3.5710415490752117,4.922911657866944,3.424788154882129,3.09158539913674,3.107243619384219,3.556198576597761,3.499629954444625
3.0,0.8324404432118162,0.8549378550197878,0.8530477751356059,0.8442961714405397,1.201655506040262,0.8990296598970355,1.2122386273290406,0.8943081307816023,0.8338416811743763,0.8505255573481547,0.9722037333788359,0.9620697626136304
