#kernel,ldk #5,ldk #11,ldk #19,ldk #24,ldk #37,ldk #41,ldk #44,ldk #46,ldk #50,ldk #52,ldk #56,ldk #58
0.0,0.05406372009963704,0.05353377197784978,0.05025528255125259,0.05179045192896344,0.015635735553881404,0.02696249726345767,0.024430820735453,0.021506523431320056,0.027844652085721025,0.02705873196125197,0.020352288481931883,0.014061774370072727
1.0,-0.38455728890954793,-0.39252582292065,-0.3868510235598134,-0.3918520826503179,-0.3570338494101952,-0.38475010748148386,-0.34579318849041923,-0.39541077639620076,-0.4156181811169956,-0.4182801828984987,-0.3842062909865556,-0.38811247699179235
2.0,0.8432111139404226,0.8595545172454699,0.8552170649505685,0.8465883529907096,1.22064610578561,0.908691397711239,1.2350284592035077,0.9100762519444993,0.843300926387915,0.8593888024257136,0.9809592325888093,0.9747055072187103
3.0,2.8599379086068986,2.864836140271195,3.0418035218154493,3.025385125658992,5.002129767584838,3.62288935662851,4.989417413125206,3.4793118391260847,3.134407481608982,3.1487542478071515,3.572652267837955,3.530788374216963
