#kernel,ldk #5,ldk #11,ldk #19,ldk #24,ldk #37,ldk #41,ldk #44,ldk #46,ldk #50,ldk #52,ldk #56,ldk #58
0.0,-0.3892560638981485,-0.39406841684214505,-0.38430202224803367,-0.3955260844100363,-0.3568343299543864,-0.38393406218761256,-0.3394779130560009,-0.39230689079629455,-0.41620158610611313,-0.4122652120787907,-0.3875289609993668,-0.38406405840755536
1.0,0.048494695297499626,0.05095372916039521,0.054148646412551286,0.049038199822403615,0.01595092912588293,0.02628399538826906,0.028119935435050723,0.020309917462302488,0.03135250797761841,0.029987910239430118,0.017574455408025724,0.015404651993424353
2.0,0.8348077675999235,0.8519446468554852,0.8595852966575728,0.8427273491316798,1.21376683835929,0.9013836941117411,1.2228120358585706,0.8968954669705805,0.8513302815911742,0.8545916038619299,0.9754145012404711,0.9650069797594514
3.0,2.84190073801208,2.8458414488599053,3.034072696469328,3.008051732446424,4.976193864546383,3.584644141023985,4.928912076004771,3.4250107478710206,3.1550751793488447,3.1201849354199926,3.563724311756977,3.4970400580935683
