#kernel,ldk #5,ldk #11,ldk #19,ldk #24,ldk #37,ldk #41,ldk #44,ldk #46,ldk #50,ldk #52,ldk #56,ldk #58
0.0,0.051758298719076154,0.05308957038765429,0.05420844320291139,0.04914800692571649,0.015577722364465705,0.03084661924612801,0.026829643198208398,0.02126524268639494,0.02997807383433179,0.028931684661922648,0.02167502685750584,0.01537890931845633
1.0,-0.3883202034235841,-0.3932046336014622,-0.3829757863928343,-0.3970475044955668,-0.35813446362224977,-0.3814837389038208,-0.3416941774182324,-0.3935602615674892,-0.41441860486499404,-0.416972143920317,-0.38479533153311424,-0.38708364419230445
2.0,0.8432290417813758,0.8611000968432582,0.8600056160213675,0.8473283028453064,1.2172174211303726,0.9140255918180679,1.2251911415927195,0.9025178574721835,0.8478344996616621,0.863359323844348,0.9823038256105086,0.9711073767887852
3.0,2.8548229082687877,2.8546554973036975,3.0310869629790753,3.0213332327926494,5.001461509056687,3.614530115796962,4.960704014726686,3.447585514045938,3.136052167715054,3.1500630388778528,3.58332610969533,3.5253792372593455
