#kernel,ldk #5,ldk #11,ldk #19,ldk #24,ldk #37,ldk #41,ldk #44,ldk #46,ldk #50,ldk #52,ldk #56,ldk #58
0.0,-0.3847861251158382,-0.38919925466109107,-0.38667201576466065,-0.3915743502255565,-0.3580119571042162,-0.38457218718496927,-0.345674377047722,-0.39862797672901185,-0.4068533572686436,-0.4084704996981988,-0.3872381505024254,-0.3883119070007778
1.0,0.8441834494203349,0.8671291139831941,0.8559877954988991,0.8481332127396288,1.2155890703231391,0.9067645892551149,1.2282898111655978,0.9045159428263831,0.8513893758394323,0.8672286073428884,0.9820317590817825,0.9686764116949403
2.0,0.05274870933115521,0.05702456959978828,0.051524002384519034,0.05241864705374034,0.016735894483665893,0.0280304853637182,0.02585016500766248,0.019262498159671043,0.03585202647967137,0.035476838274128016,0.018963019615799867,0.012428644235133188
3.0,2.8418605188697015,2.850726581038743,2.9782552620093017,2.9630312498424316,4.96927381094346,3.5620777711224867,4.9479613609909325,3.4194036894438047,3.120342593238541,3.133411131750415,3.5903718011918704,3.5281199973306645
