#kernel,ldk #5,ldk #11,ldk #19,ldk #24,ldk #37,ldk #41,ldk #44,ldk #46,ldk #50,ldk #52,ldk #56,ldk #58
0.0,-0.389958218734802,-0.3949424308608054,-0.38646797719817455,-0.3914849879010559,-0.35598053999968177,-0.3825930069450102,-0.3426605288578679,-0.39486300965867577,-0.4174620681026961,-0.41779900425765903,-0.3855090034945842,-0.38508785824441666
1.0,0.04972633286393793,0.05091038641242438,0.05218650495220679,0.05366958459334986,0.016811817256545538,0.029081544982978144,0.025353328741103503,0.019317326860764712,0.02922667207294493,0.028286595876580424,0.020937357360339297,0.014413812515468775
2.0,0.8373696850353634,0.8531871505203055,0.8588213008068278,0.8499444773519169,1.2168667167790976,0.9076773990673151,1.2242400692942357,0.8996942613629713,0.8461209853045,0.8583114349038126,0.9809746028173465,0.9630771823308658
3.0,2.854774741462735,2.8543048701876925,3.0382241498271565,3.0209132767120446,4.987206680786425,3.6056662447725367,4.9448531745287685,3.4409338653890034,3.1522792264139583,3.147628933456073,3.578808084950023,3.4987856645996556
