#kernel,ldk #5,ldk #11,ldk #19,ldk #24,ldk #37,ldk #41,ldk #44,ldk #46,ldk #50,ldk #52,ldk #56,ldk #58
0.0,-0.3870727522060034,-0.3905963337951386,-0.39023340721407834,-0.38585676286942644,-0.35644557491995793,-0.3848747598399015,-0.34294857145755586,-0.39623329705430377,-0.4089668875921371,-0.40868204715723694,-0.38929780945456977,-0.3908733332316389
1.0,2.8885014518251624,2.893451697566071,3.0659731512403567,2.988364853774996,5.004473136940452,3.627847632729606,4.961868302986103,3.4645914756241125,3.1694232193321983,3.159850772349255,3.62044939780393,3.5543286683308617
2.0,0.05314442497793948,0.05805889593308374,0.05070839747428365,0.05179576922092981,0.01615355569825977,0.02710819622364323,0.025274190881455785,0.018560578750889616,0.03615558598469166,0.0356927654510487,0.018394772069840495,0.01200234054470016
3.0,0.8437349051180508,0.866220862417839,0.8634466892202599,0.8381527889490903,1.223664402658043,0.9127339883615708,1.2332943175175677,0.9056609733955803,0.8548430387629735,0.8667192398445962,0.9829724152898014,0.968181843011846
