#kernel,ldk #5,ldk #11,ldk #19,ldk #24,ldk #37,ldk #41,ldk #44,ldk #46,ldk #50,ldk #52,ldk #56,ldk #58
0.0,-0.38843821329252404,-0.39133083130408564,-0.38680220500749257,-0.3914354019358083,-0.35627636474498564,-0.38291691605671235,-0.34290836225241883,-0.3959997281499899,-0.4154473966158003,-0.41817116791325737,-0.38411697253576754,-0.3880100611288093
1.0,2.8370589931331947,2.8532217358453598,3.034645097900408,3.017799721763509,4.984596373264088,3.5977664912160727,4.9458023704475735,3.4450308546308177,3.1230888976584636,3.138292086376786,3.5627297389483163,3.5203486044334773
2.0,0.04753745060913208,0.053164820909967464,0.05018630514116764,0.05198597165285296,0.01560293523396589,0.026949242904936978,0.024389309946036164,0.01787568745824333,0.02666325637815451,0.026211402064726073,0.01953747993348251,0.013035104162837902
3.0,0.8332510809555179,0.8566857574656437,0.8576594155480369,0.8489008718190936,1.2119673017048862,0.9051770490546387,1.220285230203207,0.9000358813547517,0.8402117489365455,0.8576201824833171,0.9768865594838639,0.969828021460073
