#kernel,ldk #5,ldk #11,ldk #19,ldk #24,ldk #37,ldk #41,ldk #44,ldk #46,ldk #50,ldk #52,ldk #56,ldk #58
0.0,-0.39012150277305485,-0.3940064337991996,-0.38551638776933855,-0.39677263933794327,-0.35588074191847074,-0.3821204327149771,-0.3424831282656722,-0.3926971403526864,-0.41703431747694597,-0.41275631144573316,-0.38938746667257196,-0.38342994924449586
1.0,0.8366428836210456,0.8564559346267754,0.8614766431449462,0.8439011239377688,1.215380988459181,0.9094692455046485,1.2234004689789366,0.9003676926738422,0.8518378101333705,0.8556757100814638,0.9788020651273035,0.9675730858066229
2.0,0.04780165417214905,0.05160041051501744,0.0533467377287333,0.04734304901070376,0.016784984847894563,0.029427838693862608,0.026048731814543463,0.020980343896135047,0.030964700502584912,0.030097878741043253,0.017000369368946423,0.0161383791482355
3.0,2.842233056046959,2.84989967177377,3.0414219122975097,3.009889236820973,4.997944124561422,3.6091557699826127,4.956299992525227,3.4352663226161817,3.1528600662721002,3.1187120991222006,3.571287471094553,3.4967575563960094
