#kernel,ldk #5,ldk #11,ldk #19,ldk #24,ldk #37,ldk #41,ldk #44,ldk #46,ldk #50,ldk #52,ldk #56,ldk #58
0.0,0.046819808321752775,0.05216161523966075,0.05252663570069547,0.05157769424777802,0.017499261021072885,0.028158548592145956,0.027752925713940255,0.021802955287758906,0.032616556533252204,0.03192580209216905,0.018593449886700187,0.01596787939036735
1.0,-0.39106055683409346,-0.3931704330265454,-0.3860274232511775,-0.39307733676701206,-0.3559172686132187,-0.3819079668389258,-0.342823343063747,-0.3906648834535452,-0.41517753256629714,-0.4106895186845585,-0.38609821060489374,-0.3834144377393497
2.0,0.831427185914331,0.8527947967392832,0.8575863237858793,0.8459429052108791,1.2181248046020516,0.9019518022264852,1.2355301838259245,0.8992999159704748,0.8503416991926092,0.8543814648584978,0.9753033618716964,0.9647570033293679
3.0,2.8380404897787437,2.8490484444527597,3.0337542449604262,3.0165395538059077,4.97831676755374,3.578764364772792,4.9689042678475275,3.4302618995194365,3.1415220168774285,3.110297852147871,3.5604836362759076,3.490860130884729
