#kernel,ldk #5,ldk #11,ldk #19,ldk #24,ldk #37,ldk #41,ldk #44,ldk #46,ldk #50,ldk #52,ldk #56,ldk #58
0.0,-0.3910395923139775,-0.39447888034554746,-0.386999499768125,-0.3916122291849571,-0.3598298859515624,-0.38501445590799893,-0.3466816257643256,-0.39641264529252146,-0.416016747021036,-0.41867766426388264,-0.38744423493063884,-0.3888991558957941
1.0,0.8397514104627694,0.8620295555020331,0.8612217915867313,0.853166597748398,1.225136778633413,0.9141284473944523,1.2350395764891333,0.9054864224779339,0.8446867131641632,0.86148186052493,0.9826455439429804,0.9684418536131496
2.0,0.04965405970227093,0.054461025432719024,0.05185078530200553,0.054074691340422275,0.014547109690882281,0.0281445051527646,0.023844815482233144,0.01957821286788738,0.029120493742898892,0.028333592178942255,0.020630281710651076,0.013915405462989545
3.0,2.854977736220462,2.870185047238017,3.043763298538703,3.0235843863623275,5.041391538630127,3.625876917824715,5.005697331338882,3.4517213825559425,3.1304682877501073,3.146293021184671,3.5972744178254716,3.529367022407564
