#kernel,ldk #5,ldk #11,ldk #19,ldk #24,ldk #37,ldk #41,ldk #44,ldk #46,ldk #50,ldk #52,ldk #56,ldk #58
0.0,-0.39116295470898044,-0.39136228575423265,-0.38617223810164775,-0.3911898772743662,-0.3559582099176863,-0.3827001653345559,-0.34244886099687216,-0.395748419950028,-0.41529283363880426,-0.4179826255565078,-0.38569720046463696,-0.3878560702639697
1.0,2.8558309866137677,2.8536850662676088,3.035874057276985,3.023657838058909,4.99521825999198,3.6013555794044265,4.952681639951801,3.4516920294897044,3.1253759067296616,3.1411730177599098,3.58216474730246,3.5223495952533157
2.0,0.04820951608993965,0.05347263969805526,0.05165179187969891,0.05316684036831274,0.01661143342160311,0.028018044047159296,0.025400977245097392,0.018931795144594896,0.02801233463174143,0.02735317890695324,0.02038969660804863,0.01397338650383804
3.0,0.8389674577098865,0.8565869461824547,0.8581348066990682,0.85044647822081,1.2172147134656088,0.9069292321793051,1.2252221622813966,0.902692522522109,0.8415373012523462,0.8584404724220598,0.9812283564245439,0.9701173049480483
