#kernel,ldk #5,ldk #11,ldk #19,ldk #24,ldk #37,ldk #41,ldk #44,ldk #46,ldk #50,ldk #52,ldk #56,ldk #58
0.0,0.04708350510207098,0.048198862961120616,0.04871533996481826,0.047717468843816835,0.013159808853198278,0.02464598289075986,0.025113817358905756,0.020403294396129028,0.030092373604277054,0.029272259312279975,0.016195582648831176,0.013521363257562268
1.0,-0.390328647953458,-0.3964004943141989,-0.38930845899058575,-0.3958216674350979,-0.36011268803266516,-0.3865830648414715,-0.3433910868611643,-0.39289752588216603,-0.4173058140066734,-0.4129436419092266,-0.38836818985544863,-0.38418160375681687
2.0,2.845719771155302,2.8456184814253866,3.029906302839519,3.01071239828963,4.945062265613036,3.5838512619378067,4.905231038421521,3.4308145746226955,3.145626838239054,3.1126087075308457,3.568805165810295,3.4917384592147673
3.0,0.8318255824840635,0.8499880672013196,0.8541834465142066,0.8416493086968292,1.209090221378311,0.9002154829035266,1.2195053219309686,0.896932016475349,0.8497799389543976,0.8532668906117017,0.9736982394547656,0.9596700293410142
