#kernel,ldk #5,ldk #11,ldk #19,ldk #24,ldk #37,ldk #41,ldk #44,ldk #46,ldk #50,ldk #52,ldk #56,ldk #58
0.0,0.04768842374572427,0.05273544322580633,0.05004405539622463,0.051631804561469326,0.0158650123508211,0.027217539234859527,0.024832101900544534,0.01859529620202477,0.0262471379947386,0.026051340472170094,0.019343719277627607,0.012652187518903926
1.0,0.8373231004521994,0.8560276356906462,0.8576856819870339,0.8480473361697458,1.2114574653458279,0.9080050570764326,1.2199948843012576,0.8996404714518079,0.8402055497089485,0.8572902448192378,0.9758861518304367,0.9691160778693315
2.0,2.8503992135461127,2.851961040410399,3.0289767417877074,3.0060308994218263,4.974432056107968,3.602753691296673,4.938521643829194,3.439998696309079,3.1141903381968725,3.135603118746518,3.5614469925005214,3.518889683079593
3.0,-0.3903326173616631,-0.3911259592829009,-0.3868331521466263,-0.39144693856645646,-0.3561747965353844,-0.38461032840233006,-0.3427832885791804,-0.39539857343455576,-0.41550586744411,-0.41816389207804716,-0.3840310690711582,-0.38797674528750636
