#kernel,ldk #5,ldk #11,ldk #19,ldk #24,ldk #37,ldk #41,ldk #44,ldk #46,ldk #50,ldk #52,ldk #56,ldk #58
0.0,-0.39181488487915594,-0.3965771046476001,-0.38780366089399204,-0.3997611558209933,-0.35675680280146665,-0.38400219460738944,-0.34265740381304677,-0.3959105633168655,-0.41638260319417997,-0.41913324490667603,-0.3922879461503757,-0.38615531952691906
1.0,0.8332176222688862,0.8481946286906149,0.8538514544469453,0.8376117694240114,1.2061773159570968,0.9009346895684774,1.2118161119852306,0.8927339537005605,0.8371393319378414,0.8536822467726815,0.9684472195148528,0.9573092022986534
2.0,2.8418193947368104,2.840789710083261,3.024205197609356,3.0025096102586564,4.9688764656499576,3.5882383412991836,4.923403044654544,3.4295875670291043,3.115808710073864,3.1306888386721123,3.5633620884121315,3.4882066031309864
3.0,0.04488779146596179,0.045719675423100174,0.04760276585788315,0.043121830663990605,0.013244767700671834,0.023974493674203252,0.022446792805947666,0.01564565159340496,0.025455632463391907,0.02481571473668449,0.012146088582057622,0.01135316714193982
