#kernel,ldk #5,ldk #11,ldk #19,ldk #24,ldk #37,ldk #41,ldk #44,ldk #46,ldk #50,ldk #52,ldk #56,ldk #58
0.0,-0.39011172076649436,-0.39141159383722046,-0.3865757499232596,-0.39809175814803555,-0.356157974312766,-0.3846014786181786,-0.34257757454177074,-0.39564205712713785,-0.4151502639039087,-0.417798357066695,-0.3853857737966014,-0.3879292077828482
1.0,0.8352974436695925,0.856866123675367,0.8593647289836437,0.8454447182769521,1.214006784957443,0.9079471080267094,1.2234415417035722,0.9007800034837691,0.8432713891600435,0.8601678900222285,0.9798950178791349,0.9691624461478666
2.0,2.8527346521370265,2.859706582890821,3.0411207794123762,3.0199395758669363,4.991023030319641,3.613872653385435,4.952229188642969,3.4461517153830927,3.134236832234988,3.1482267916642406,3.580009817467516,3.524191104178484
3.0,0.04668903435954336,0.05300538849095828,0.050390475792675755,0.04678189922196797,0.01555198801969726,0.02711600391152242,0.025091360755250078,0.01883483405243183,0.027938326879273633,0.027483824951865472,0.020057613782781758,0.013312557177808802
