#kernel,ldk #5,ldk #11,ldk #19,ldk #24,ldk #37,ldk #41,ldk #44,ldk #46,ldk #50,ldk #52,ldk #56,ldk #58
0.0,0.051848482901633845,0.056224899747306406,0.04967819016409037,0.05109829705330748,0.013657253384831477,0.026510615928692242,0.021882518867884015,0.020465040025937683,0.02768619580373343,0.026749183546235556,0.01988891568995251,0.013488050034126953
1.0,-0.38585971205282377,-0.3907119306671652,-0.3878304290186602,-0.38642171140945186,-0.36017206848371075,-0.3857635372973238,-0.347731431265593,-0.39675739368483587,-0.4165472034492681,-0.4194185674638501,-0.38512687483613034,-0.3863135294428997
2.0,2.85477220496325,2.8614331677325655,3.050207465181722,2.977276044423283,5.0561154738757645,3.637481994529483,5.023460963793683,3.4820396354032903,3.134535605491184,3.1423178644664085,3.573479658434955,3.5103128659423684
3.0,0.8442166528740306,0.8662269442502255,0.8592758367890319,0.8383232364718332,1.215507950987689,0.9103308662881234,1.2245722290233423,0.9082203671303878,0.8467195520258135,0.8623224432296093,0.9855034667338657,0.9726602439725553
