#kernel,ldk #5,ldk #11,ldk #19,ldk #24,ldk #37,ldk #41,ldk #44,ldk #46,ldk #50,ldk #52,ldk #56,ldk #58
0.0,-0.39181350142626636,-0.3970990278797069,-0.3867091689591665,-0.39785631446261654,-0.3582148586199279,-0.38616826274931293,-0.3442755483048168,-0.3933108297018456,-0.41891069133271164,-0.4146291595462052,-0.39070490146558257,-0.38676103106064263
1.0,2.8273789893402523,2.8313470382772055,3.0226060030226445,2.995089334658982,4.954715561548846,3.569568185552009,4.9609487576947355,3.409622386867138,3.1378011466360385,3.1026990107830668,3.5579645428043225,3.4806627889995263
2.0,0.04370712501577428,0.0462280910276312,0.04932999372947602,0.04516563240880072,0.011355029430204751,0.021209247485881176,0.02481467871120208,0.018225194235937384,0.026499479922567733,0.026527234135968223,0.013433560828864658,0.010636173000415
3.0,0.8286136883795677,0.8457555042697079,0.853974787367375,0.837013632841466,1.1994087132111062,0.894362638610895,1.2211478818526194,0.88982835352609,0.844053985955047,0.8468806081380781,0.9663156251617382,0.9536299327267886
