#kernel,ldk #5,ldk #11,ldk #19,ldk #24,ldk #37,ldk #41,ldk #44,ldk #46,ldk #50,ldk #52,ldk #56,ldk #58
0.0,0.0529795227579315,0.05355182381740178,0.04904660750972042,0.05214563365797507,0.015108927236757497,0.026421511200446845,0.024742520186302932,0.018662011703022164,0.028806159832422074,0.028324505309850437,0.019482376422085064,0.012922101183188489
1.0,2.8660022255208,2.868524178431951,3.0603807605318885,3.0238949630221685,5.020628687527448,3.633125207853216,4.976746688710218,3.4658183170876726,3.1427616338964084,3.1543394613919773,3.579899365458916,3.5359062191653763
2.0,-0.3853687524246033,-0.39215456929651915,-0.3908613177815214,-0.3919465071015612,-0.3568823227941774,-0.3854771257468598,-0.34285485022309004,-0.39613728911147367,-0.41588686819962667,-0.418726095654279,-0.38492634380290636,-0.3889913416357262
3.0,0.8413718521980468,0.8566189900929623,0.8549429270582166,0.8451603640968829,1.2208753667908065,0.9072978128408268,1.2296230391578045,0.9018775369151908,0.8451395920608425,0.8618009048890607,0.9789915616478644,0.9723095294623432
