#kernel,ldk #5,ldk #11,ldk #19,ldk #24,ldk #37,ldk #41,ldk #44,ldk #46,ldk #50,ldk #52,ldk #56,ldk #58
0.0,-0.3897951020667164,-0.3913956716370351,-0.38704009394950833,-0.3922279116201953,-0.3559905739124623,-0.38453930981840856,-0.3427769611690844,-0.3960228691243455,-0.41539494640502084,-0.4180826320463423,-0.3839648962595801,-0.3878829439992525
1.0,0.047518860933660936,0.0528137020825529,0.04910502691488731,0.050678522421009044,0.016059975686404326,0.027118168712511506,0.024897237672672393,0.017773244490811288,0.027340716080573497,0.026578169691564058,0.01988655606035492,0.013676173691369236
2.0,0.8335990627430977,0.8542459815994221,0.8533065954995165,0.8439943236452595,1.2169832717863098,0.9090611024165178,1.224332821402923,0.8991580431343019,0.8402207164768241,0.8572086225315045,0.9766710588272477,0.9702282028715493
3.0,2.846975601695877,2.8550138870108435,3.0378434791347217,3.024955689213948,4.985641655779871,3.6164734301046453,4.945745783107846,3.444861366124913,3.1245025467530034,3.1404519909350364,3.563624754897125,3.520766557845889
