#kernel,ldk #5,ldk #11,ldk #19,ldk #24,ldk #37,ldk #41,ldk #44,ldk #46,ldk #50,ldk #52,ldk #56,ldk #58
0.0,-0.3861461187904105,-0.3932449078803425,-0.38990255072236724,-0.38635118766181026,-0.35654222466193636,-0.38328181094912966,-0.3438715386959247,-0.3962826290993316,-0.415927670265309,-0.41877398740855226,-0.3875037223355533,-0.3888746851566122
1.0,0.051475604494558805,0.05215643748946254,0.047829998138498184,0.048931810264058774,0.015250731731707138,0.0263330801092657,0.024188321011575448,0.016983104625461074,0.026683200833045376,0.025828025618748505,0.017641219410446777,0.010908546752710746
2.0,0.8427290935326068,0.8576621101238273,0.8581935126365309,0.8297025587348658,1.2148210889541657,0.9063238426741276,1.223730280653761,0.8973235270877945,0.8401260990109332,0.8570140592982215,0.9753370639385327,0.962174935784096
3.0,2.8491923172386238,2.848239671493636,3.0261325538641923,2.939749467772033,4.990661439288196,3.605337867771707,4.9473426377165834,3.4270123645687662,3.1141048293544555,3.128754075260538,3.58267363657361,3.5174838185509465
