#kernel,ldk #5,ldk #11,ldk #19,ldk #24,ldk #37,ldk #41,ldk #44,ldk #46,ldk #50,ldk #52,ldk #56,ldk #58
0.0,-0.3853737860326422,-0.3901419964742898,-0.3877922836738697,-0.38655722530980524,-0.35685340851565356,-0.38557989801257025,-0.34331426278700644,-0.39680993703468986,-0.40791145166006254,-0.4095382884795339,-0.3879374732069847,-0.38939064454005834
1.0,0.054072247746068135,0.057755612771893755,0.04996590763498948,0.05115736287897435,0.015330593837173735,0.02681238715079521,0.024435783562224672,0.01829100835370881,0.03574373923983144,0.035515199898134585,0.019375460266014364,0.013087738004118495
2.0,0.8409036377100206,0.8638970938371946,0.8553890937846124,0.8354561008269721,1.219026184490761,0.9086785245617762,1.2288967226883822,0.9026351520084556,0.8497905375322343,0.8653735134185905,0.9810725166948522,0.9677065030580624
3.0,2.8563019322012493,2.878040008173156,3.0391487301294604,2.978595486899994,5.003656898412864,3.627710615648643,4.9583024626284,3.45813665602523,3.144026643287035,3.1540268216963776,3.5930885322223878,3.524038031293989
