#kernel,ldk #5,ldk #11,ldk #19,ldk #24,ldk #37,ldk #41,ldk #44,ldk #46,ldk #50,ldk #52,ldk #56,ldk #58
0.0,-0.38550808403574455,-0.3901715514750372,-0.3867322818230209,-0.3865506498872584,-0.35817197415088864,-0.3851867560905355,-0.34605991929935825,-0.39508317111841224,-0.4068561188498662,-0.41815633719708256,-0.38689930895268887,-0.3883411654990776
1.0,0.8458041351834807,0.8687156132922168,0.8603592841682549,0.8365846279295562,1.226896778555368,0.9125270902488669,1.2389636944466362,0.9133446298543829,0.854612808331548,0.8611339121265522,0.9861945320389095,0.9717432155611468
2.0,0.05463106782937606,0.05889657799730136,0.05121351793229884,0.05217428041035019,0.016249294355400068,0.02789686992754799,0.02532691807939603,0.022516290066513275,0.037291750431627226,0.027409705369140183,0.01983094784884414,0.013292836173951383
3.0,2.8736671071235182,2.895484018358516,3.044900154769573,2.98623334216487,5.019966509505872,3.6271240534074933,4.99932120927029,3.4863651740845008,3.1490237675806445,3.147783383481599,3.598997378730514,3.531833426768942
