#kernel,ldk #5,ldk #11,ldk #19,ldk #24,ldk #37,ldk #41,ldk #44,ldk #46,ldk #50,ldk #52,ldk #56,ldk #58
0.0,0.04942293843521695,0.055053242296871925,0.05224418043250045,0.053705539902214494,0.01693220255529508,0.02876529647296891,0.025770183202368208,0.019649901009158137,0.02871819232338038,0.02841302920278703,0.020446740519033953,0.014072868760359687
1.0,-0.38807295227065874,-0.3908171280395396,-0.3863373590974805,-0.39110946895988924,-0.3558499349947866,-0.3842267496995887,-0.3425457553559071,-0.3955919837753984,-0.4150419326727044,-0.41769873966153676,-0.3854597337702839,-0.3876178127372295
2.0,2.8389454220516384,2.857204266133216,3.031155489742284,3.0236410774624196,4.999293025824874,3.621852168134416,4.960402763308646,3.45014395868942,3.1317153987935584,3.1466115380035693,3.580204926521031,3.5191795562849246
3.0,0.8349614274371319,0.859131669468846,0.8598429495671589,0.8518127247809093,1.2189171400235779,0.9122294689922386,1.2274137548021127,0.9045439816936742,0.8436413550139248,0.860723401394366,0.9825723751382808,0.9713696687609302
