#kernel,ldk #5,ldk #11,ldk #19,ldk #24,ldk #37,ldk #41,ldk #44,ldk #46,ldk #50,ldk #52,ldk #56,ldk #58
0.0,0.048748946887571365,0.04871399924504017,0.05220199858470947,0.04681209171431704,0.01672938879098412,0.028423871316716157,0.02654560084239332,0.02066040012758461,0.02936624512799248,0.02832268604858549,0.02107130975048521,0.014342127177489282
1.0,-0.38938124247735795,-0.3961421327419454,-0.38819396128387557,-0.39767681131170435,-0.3555179138332884,-0.3821759174185433,-0.34108728428359525,-0.39360678023137935,-0.41641866669652594,-0.4166481874630871,-0.38500954398633136,-0.38480023262371826
2.0,2.8504918505031656,2.845057744954177,3.061644125534764,3.0204000763909162,4.991777631192576,3.601243029365443,4.9470364013365655,3.443945579636099,3.1522958124020595,3.1483504596073892,3.5715202395173478,3.490570728020348
3.0,0.8380486917259267,0.8506039617104407,0.8652636505788027,0.8433847269210478,1.214135840588997,0.9063065725693052,1.2204257389671291,0.899436673241162,0.8484997160847797,0.859915498008588,0.9822237875365722,0.964976182070777
