#kernel,ldk #5,ldk #11,ldk #19,ldk #24,ldk #37,ldk #41,ldk #44,ldk #46,ldk #50,ldk #52,ldk #56,ldk #58
0.0,-0.3870240771823334,-0.39207057419268165,-0.38641613437403766,-0.39631884547026724,-0.35704423987516687,-0.3802372857555997,-0.3402028095443779,-0.3921489214143174,-0.41477712128909416,-0.4147106474440629,-0.3830811851588606,-0.38278617790846037
1.0,0.05086875089106587,0.052876085289293044,0.05457561133286602,0.049051362115147205,0.015910860485403317,0.03116422974626966,0.028094009652728798,0.02232624897287771,0.03133315853701506,0.03101584402626961,0.02281204514066325,0.016144511850351696
2.0,0.84196448983178,0.8572986151929076,0.8638659914031038,0.8424484123011962,1.2177289582908366,0.9095625061078596,1.2286111920286418,0.9020759295007661,0.8516130341424166,0.8643976796197161,0.9867783856647051,0.9702659336234943
3.0,2.8546584985290164,2.8538434408482263,3.0528081671981613,3.012483392734261,5.003532146325091,3.607249890125269,4.967623785688238,3.4473322443288237,3.158963677216724,3.1533497545220173,3.590127500666309,3.510110581292112
