#kernel,ldk #5,ldk #11,ldk #19,ldk #24,ldk #37,ldk #41,ldk #44,ldk #46,ldk #50,ldk #52,ldk #56,ldk #58
0.0,-0.3909710820090561,-0.39431027335004204,-0.3873802437257868,-0.39240603443953964,-0.35674192390790566,-0.38504074745510286,-0.3433420640677609,-0.39936408511804194,-0.4159205986087182,-0.4187197777498982,-0.3875856636659921,-0.3889056179780606
1.0,0.047420652996086055,0.05293763339204705,0.050385718236628685,0.05209163623088148,0.015329802939675414,0.027280938647773912,0.02406369152195909,0.017902664120188545,0.02760784636990673,0.026757245842827026,0.018855624443447298,0.013085587913366893
2.0,2.8339549328003173,2.844344620126852,3.028893342713537,3.0163694339450817,4.995909146441563,3.6131642810327502,4.952822092269725,3.470590583159228,3.1243950329653583,3.1341454975074416,3.577130545990801,3.5178606945334114
3.0,0.8362796204323697,0.8601577761127122,0.8576201303846652,0.8489087469806822,1.2162685416378123,0.9097750692623152,1.2244332498619626,0.9065939765460037,0.8396872184156325,0.8563877945797642,0.9760913843165914,0.9642951003721557
