#kernel,ldk #5,ldk #11,ldk #19,ldk #24,ldk #37,ldk #41,ldk #44,ldk #46,ldk #50,ldk #52,ldk #56,ldk #58
0.0,-0.39014779944791356,-0.3927903961943646,-0.38630205442434495,-0.39074976388600324,-0.358741110965022,-0.3847839411622504,-0.3453685709402479,-0.39810067403666816,-0.4160694995213911,-0.4179576845870457,-0.3866821550659237,-0.38824718942000525
1.0,0.8367095474410506,0.8620636133982793,0.8568158095083233,0.8502046281905767,1.2210790328888632,0.9085054408665166,1.2312676947563013,0.9052065293488096,0.8412057744344947,0.8580415571829785,0.9824808300325979,0.9683077061426882
2.0,0.04934481201136049,0.05542349211871915,0.05160961314980047,0.05358796739470248,0.016009612402034204,0.028371988800825455,0.025238633285838936,0.019523700650043555,0.02864343209334459,0.028177539175831122,0.0211538343807775,0.01437699004546714
3.0,2.8370449994862335,2.8535123668996896,3.0253504784282943,3.0173140943303145,5.044506154254621,3.6195125016941416,5.01144364107796,3.468977715744585,3.104245977775606,3.119851559257538,3.5765485950038993,3.506021673230651
