#kernel,ldk #5,ldk #11,ldk #19,ldk #24,ldk #37,ldk #41,ldk #44,ldk #46,ldk #50,ldk #52,ldk #56,ldk #58
0.0,0.8373840343840622,0.8531917366523837,0.8655092753444584,0.8456917477696325,1.2193949549492127,0.9066428889394053,1.238628934269335,0.9037808370438969,0.8493971642639127,0.8616533486992558,0.9798893220211078,0.9688097155527238
1.0,-0.39155710814172107,-0.394653074262875,-0.38625004460610257,-0.3967514771453215,-0.35596182034005674,-0.3850860102026254,-0.34127823615585207,-0.3920065078190758,-0.416312600403226,-0.41623679343376474,-0.38985202944947744,-0.38329838374196734
2.0,0.0491829159782574,0.05119335147814338,0.055404351030262165,0.04982509985832038,0.016824119187528627,0.02713079185194424,0.028975336569491538,0.022671343151936415,0.031349192475234613,0.03085671107353601,0.01757237759960139,0.01723404526967379
3.0,2.849949554839064,2.849102828721717,3.0577928480666072,3.0175835442410093,5.002321801274326,3.609021731609922,4.995714287899641,3.4479196488760713,3.1501826359122638,3.147322562540459,3.5802723199103603,3.5077075504580333
