#kernel,ldk #5,ldk #11,ldk #19,ldk #24,ldk #37,ldk #41,ldk #44,ldk #46,ldk #50,ldk #52,ldk #56,ldk #58
0.0,-0.3863004794576502,-0.3884943377463691,-0.38621915206428475,-0.3854638002135908,-0.35628029081372337,-0.3841710422337136,-0.3443823552925909,-0.3946881791726103,-0.4063229295744847,-0.40789926354035827,-0.3864927857186235,-0.38790359530839824
1.0,0.8419119543799006,0.8621740353301789,0.8554253608381385,0.8340775102842105,1.21563655164007,0.9061007481786655,1.2293431890818405,0.9067019550661014,0.8488615380259873,0.8653256790410913,0.9808597129073923,0.9676224108246091
2.0,0.052683960656298656,0.05743485019000833,0.05125184438057023,0.05113058766419284,0.016261690657695484,0.02735566513710266,0.024884131338844716,0.02094265961063633,0.03597701983074304,0.035889206150261616,0.01888053049015366,0.012233038770841356
3.0,2.8676895348651956,2.8733212184081167,3.0203455259336747,2.964042555082403,4.987951357443954,3.603033854544834,4.9728396519203075,3.464862979908391,3.139003607518958,3.1523374090683407,3.5938289425416228,3.5262285531468054
