#kernel,ldk #5,ldk #11,ldk #19,ldk #24,ldk #37,ldk #41,ldk #44,ldk #46,ldk #50,ldk #52,ldk #56,ldk #58
0.0,0.05001343294601624,0.05066755643394015,0.05180209188858623,0.0479619487471167,0.01580196709591644,0.02986748061804507,0.027498237069269807,0.02031089136605846,0.027810196872203725,0.027902201024413445,0.020436434930515043,0.013699361222071965
1.0,0.8355598906770969,0.8555125493155822,0.8583227148615322,0.8471825113234831,1.2174275164654484,0.9095015558324949,1.2249416677092715,0.9020474899464274,0.846226985690686,0.8626327287797559,0.9783880958964213,0.9694827747769378
2.0,-0.3873436146225239,-0.39700377701413236,-0.38485041992091756,-0.39947435743431947,-0.3582422926362803,-0.3812150837252915,-0.34090275900792233,-0.3941499485941393,-0.4162951564813874,-0.41907796593591395,-0.38492143791330496,-0.388850173535336
3.0,2.836444256105244,2.8448018954576595,3.0319620715369213,3.021444645723484,4.9972169892215685,3.6008085403620007,4.946974405324625,3.4441771359355746,3.144788096318715,3.1510700910902365,3.543884024408319,3.5042572296631582
