#kernel,ldk #5,ldk #11,ldk #19,ldk #24,ldk #37,ldk #41,ldk #44,ldk #46,ldk #50,ldk #52,ldk #56,ldk #58
0.0,-0.38842118796317404,-0.39139018357076355,-0.38641018416682804,-0.39149882870860453,-0.35583496155725763,-0.382742545175664,-0.3424219138999939,-0.39490089411863,-0.415291452198767,-0.41807332640319883,-0.38554385537952574,-0.38788225990847086
1.0,0.8316162238628407,0.8544005620339507,0.858153934553612,0.8494318288760102,1.2176288330276548,0.9073208711707625,1.2252480517498074,0.8999073175156287,0.8402463593434595,0.8565902534809955,0.9798304380061992,0.969128153997187
2.0,0.048057026451088676,0.05376906773937031,0.05113038185809661,0.05336187524727366,0.01675180341949542,0.027990171344547232,0.025720394564693418,0.019274059838944653,0.02795320810193123,0.02720003614321607,0.020680689249928462,0.014100714387693183
3.0,2.8384658229246233,2.855229569717468,3.034914548173971,3.0207842258944537,4.988137407160607,3.6010422218219977,4.947299551799107,3.440374974540981,3.1266435648715953,3.1422191833031587,3.5799022843354518,3.5223974871497266
