#kernel,ldk #5,ldk #11,ldk #19,ldk #24,ldk #37,ldk #41,ldk #44,ldk #46,ldk #50,ldk #52,ldk #56,ldk #58
0.0,2.8359987751616935,2.8444522059512187,3.0337386430813402,3.007272224837656,4.978747600359298,3.5800188161944937,4.926356436446745,3.4260437327537425,3.1546841817563953,3.120094167778736,3.561732922621967,3.4831486687554234
1.0,-0.3907008225653357,-0.393882540438839,-0.38255068027790656,-0.39398132287474974,-0.35646366238965566,-0.3819631381506498,-0.33898046412021343,-0.38970907922777454,-0.4153600120211261,-0.4113923271969265,-0.3868963791972562,-0.38256140970292957
2.0,0.831716623191199,0.8522124510398126,0.8605113890205052,0.843803788982279,1.2168652953160024,0.9016220988067667,1.224546972007381,0.9000368060520076,0.8522466266552272,0.8556571021279389,0.9770689151073082,0.9634023980257612
3.0,0.0480264855155434,0.052747747220378775,0.05650722281253645,0.05163853510634809,0.01586599301266393,0.02864188551788928,0.027561223572119608,0.02350845216334014,0.033442270897487955,0.03208880803144543,0.019795855195589566,0.016964039957044114
