#kernel,ldk #5,ldk #11,ldk #19,ldk #24,ldk #37,ldk #41,ldk #44,ldk #46,ldk #50,ldk #52,ldk #56,ldk #58
0.0,0.0540747054950596,0.053885752064580426,0.05166175821279417,0.053155968495074375,0.01637944161292937,0.028219658566962322,0.024722549110667822,0.018176819673586593,0.028601111437963952,0.028007699844652106,0.021319979086915554,0.014866827104958126
1.0,2.8591400140794887,2.862780287707529,3.0419699623165464,3.0245165367773335,4.998927797335133,3.6253840000084,4.967723023189907,3.4775575070112903,3.1349402158393986,3.1510134308533804,3.5909762094617803,3.5083033775743933
2.0,-0.38381030928893256,-0.3911320518626112,-0.3863749741710196,-0.39131141037370515,-0.35612357096429753,-0.38428520008204675,-0.34338507668559165,-0.3986586449167189,-0.41492962096281977,-0.4176164380261714,-0.38511811680031144,-0.38485814155219294
3.0,0.839997717528593,0.854777771726698,0.8564145349409977,0.8462575666357307,1.2176260020431613,0.9097658912856232,1.2267153302591474,0.9041320549538967,0.8414687947923651,0.8579375927393748,0.9844769059501898,0.9675637014111687
