#kernel,ldk #5,ldk #11,ldk #19,ldk #24,ldk #37,ldk #41,ldk #44,ldk #46,ldk #50,ldk #52,ldk #56,ldk #58
0.0,-0.3879935076408773,-0.39179237097675795,-0.3888243960265831,-0.3878969960837035,-0.3580569666107073,-0.38506222977359555,-0.3476444261959793,-0.3978163999827924,-0.411223946303441,-0.4116753030973104,-0.3895303115141373,-0.39050070282866955
1.0,0.04840845995063584,0.052616827936657826,0.04624885352517082,0.046732903121593186,0.011460054258490587,0.022978326740784826,0.019959010082133518,0.016853661005334454,0.030367268004747636,0.030012989098017934,0.013564537285529697,0.007244086344928764
2.0,2.8281324028335697,2.8431135673198793,2.9995238625261864,2.9350702919730116,4.942966456133627,3.5624228994641345,4.939278725237121,3.427746072362146,3.1024277133286837,3.1070678513530687,3.5567153023695233,3.4849322228359196
3.0,0.8310965575844997,0.8500512157636841,0.8529562556030031,0.8260309729792824,1.2003144201463605,0.8975606567957469,1.2115486800570543,0.8928891364834073,0.8372142407883086,0.8492353838818429,0.9635405973587261,0.9504784855648787
