#kernel,ldk #5,ldk #11,ldk #19,ldk #24,ldk #37,ldk #41,ldk #44,ldk #46,ldk #50,ldk #52,ldk #56,ldk #58
0.0,0.043446477699225036,0.04696281669394075,0.04907617377727615,0.049443823322796586,0.011932070784472946,0.025053356804790837,0.02073841828457311,0.01590467854233803,0.025528704592033335,0.024714078841877263,0.01664461322830758,0.01031036218061645
1.0,-0.393153008538842,-0.39717334018264594,-0.38757152101719283,-0.39351752073623625,-0.3579204307148508,-0.38482458842073536,-0.3453782504963907,-0.39679609587123177,-0.41753602288382374,-0.4194320031033759,-0.38735473030941686,-0.39006195486893486
2.0,2.8384544206557756,2.8446611900286736,3.0274567788541717,3.0136700793124245,4.946730507272697,3.5864343925719107,4.921363018644968,3.423365982880684,3.1269271199010378,3.134559686156419,3.5728822065855472,3.5172892927042834
3.0,0.8285467594054198,0.8490236020690691,0.8542165289395905,0.8443385871168515,1.2008813478997868,0.900504795184468,1.211846369088995,0.8919363511982203,0.8389680253920186,0.8532941026692629,0.96743395643041,0.9578911982253899
