#kernel,ldk #5,ldk #11,ldk #19,ldk #24,ldk #37,ldk #41,ldk #44,ldk #46,ldk #50,ldk #52,ldk #56,ldk #58
0.0,-0.3942589540531758,-0.39712567164717877,-0.38839769690773496,-0.39276912462610303,-0.35780010787763433,-0.38615140100965084,-0.3438368738317075,-0.3973767182140015,-0.41768141756822924,-0.4202658991275456,-0.3878410090442141,-0.3899754868941434
1.0,2.829749156477024,2.8196153669809796,2.999968897523884,2.9827119401521296,4.9469205332278285,3.578507749002675,4.905029099167822,3.4143254270895955,3.078521314761673,3.0968542626672217,3.5420324584938556,3.484762160909045
2.0,0.044943995207367395,0.046419828813000316,0.047413414008412195,0.049348966398737565,0.01225562552875768,0.0240848553188217,0.021477282378135256,0.015385830400149257,0.023715692764843425,0.02332118330169046,0.01625041556224309,0.009918486514506367
3.0,0.8289949759773613,0.8429833950853026,0.846071741569501,0.8378511377788447,1.1975817870335421,0.8963016534973409,1.205288710571419,0.8891201831345996,0.8302533093049668,0.8477029716214549,0.9665924981159933,0.9554065064492944
