#kernel,ldk #5,ldk #11,ldk #19,ldk #24,ldk #37,ldk #41,ldk #44,ldk #46,ldk #50,ldk #52,ldk #56,ldk #58
0.0,-0.38936468009555725,-0.3913293510036038,-0.386617713403115,-0.3915348626539899,-0.3567239441886254,-0.38461093915962774,-0.34343757992351537,-0.3961156990070598,-0.4154786289525027,-0.41821591692203847,-0.38410161339002014,-0.38533584763809225
1.0,0.04746183029285353,0.05314471035888095,0.050794856618036614,0.05274882693823478,0.015199020714306883,0.027219093754184378,0.0241707027553223,0.018084890257039625,0.027466741429531566,0.026659836749211883,0.019741308566696224,0.013444439276187915
2.0,2.845630636422096,2.8602100405274125,3.035874439863121,3.0193061194106887,4.954672153955303,3.61213141662055,4.913483422485883,3.4331491181792457,3.1254095541346874,3.141641920200705,3.569235909907786,3.501478808805566
3.0,0.8343240400674939,0.8566128265371937,0.855973832285486,0.8477254227053208,1.2132665021965086,0.9080719879323795,1.221338909244001,0.8987771722415954,0.8405542210095979,0.8579928503793907,0.9758250760719188,0.9626985440395476
