#kernel,ldk #5,ldk #11,ldk #19,ldk #24,ldk #37,ldk #41,ldk #44,ldk #46,ldk #50,ldk #52,ldk #56,ldk #58
0.0,-0.3917889607418852,-0.39533941909269443,-0.38634184175768105,-0.39866003910863806,-0.3562224433238532,-0.38280082818441724,-0.34280000488058265,-0.3957896874648784,-0.4155718201321212,-0.4183582091533693,-0.38616187620692793,-0.38858958819945955
1.0,0.8359531259183866,0.8496129406551489,0.8546921825190418,0.8397299070553352,1.2090033553784447,0.9021806570083163,1.2165082204006958,0.8971908209146379,0.8390068364321824,0.8547353448729539,0.970219882806528,0.9608401946471462
2.0,0.0477529208674902,0.04956407046421717,0.05057469355103086,0.04566008039133734,0.015650100879184392,0.02724298727705243,0.024762973192114263,0.018829247385263433,0.026977506868721964,0.026080036338716223,0.018836776377919705,0.012627285811315017
3.0,2.838307586561586,2.8287362917500065,3.024588658478008,3.002654265353365,4.977997965357173,3.589795481656078,4.940195163515666,3.4384721085808163,3.1147893486070632,3.1304631161258825,3.5269415272326388,3.4741973637559425
