#kernel,ldk #5,ldk #11,ldk #19,ldk #24,ldk #37,ldk #41,ldk #44,ldk #46,ldk #50,ldk #52,ldk #56,ldk #58
0.0,-0.38913026827477504,-0.39452228783891113,-0.38536741622233067,-0.3978963152883613,-0.3581065479129184,-0.38398875711563096,-0.3412365352896122,-0.3920328062647179,-0.415916488832405,-0.4123613110685971,-0.38887312307006294,-0.3850484055258285
1.0,0.04825974650406884,0.050092502915077275,0.05323421626244684,0.047606981762028516,0.015104943196066171,0.025291047529652923,0.02665432819542601,0.02088834332455652,0.030851910857910485,0.02975723991893272,0.017040273231257,0.014494129215851336
2.0,0.835771822717002,0.8519211491406885,0.8596927899037271,0.843730435320056,1.215385956368916,0.9006459023723233,1.2233723921627868,0.8997833521690612,0.8513360511778827,0.8545340472287589,0.9780827268598054,0.9663438342402428
3.0,2.843659776703438,2.8462636553245213,3.0419014222010685,3.0203398603368767,4.986127510000647,3.5857148256963693,4.935534404236158,3.434727976500884,3.1532133580690864,3.119207008323464,3.5715307910500416,3.4994088036557716
