#kernel,ldk #5,ldk #11,ldk #19,ldk #24,ldk #37,ldk #41,ldk #44,ldk #46,ldk #50,ldk #52,ldk #56,ldk #58
0.0,-0.38440480691953155,-0.3938151887980971,-0.38677220050431455,-0.3913379749513738,-0.3567133989466547,-0.3847186318799867,-0.3434039005482001,-0.39601573295569853,-0.4160706929776076,-0.4180913687602436,-0.38583075453289617,-0.38797771318896096
1.0,0.0533428506755438,0.05313585551919935,0.05069301389478716,0.05275947685647266,0.015673466222019643,0.02688309791786675,0.02463727560324532,0.0180646581383574,0.027244278028706166,0.02673271983582027,0.019685902638750013,0.013268922819213208
2.0,0.8400548321253348,0.858358087443804,0.855900273613616,0.8476176350678624,1.2174273248129985,0.9070419792649614,1.2269582685439908,0.8996292955089061,0.8403069297624639,0.8560988595962714,0.9796055784743342,0.9686643751708164
3.0,2.8564860536411065,2.8652906802827345,3.0418279105116324,3.023652224093646,5.000748555884878,3.6197866576757347,4.96325268997014,3.4524604063774706,3.132003005070654,3.1422212093092883,3.5816455863422747,3.523053073036221
