#kernel,ldk #5,ldk #11,ldk #19,ldk #24,ldk #37,ldk #41,ldk #44,ldk #46,ldk #50,ldk #52,ldk #56,ldk #58
0.0,0.051039108414508254,0.04609689716976276,0.04545815967450698,0.04256862941130807,0.006434996185586104,0.018228143191895474,0.01455284631356422,0.021862645375896765,0.021565801038548674,0.03280135914307596,0.016228111730394065,0.013543638815482846
1.0,0.8594762380223571,0.8868820624100937,0.8615046703234909,0.8604224737289797,1.2536440551086754,0.9224708061955248,1.2448463588783507,0.9324242950488636,0.8898113418394332,0.8784958192581297,0.9752183700399015,0.9820418947979938
2.0,-0.3976469318498107,-0.4050401708062067,-0.3949274282420333,-0.40921193970341685,-0.3772047677815332,-0.40054367297204296,-0.35856049464659895,-0.3992549683405346,-0.436911476834598,-0.41143730117283195,-0.39495938677645526,-0.3950292637131941
3.0,2.866849596593452,2.8073351682079353,3.025846941601578,3.06462453605907,5.358816269118814,3.720306794399933,5.208535358403034,3.521021057334672,3.225440839017135,3.092675133116173,3.6881599994002006,3.7041635602582046
