#kernel,ldk #5,ldk #11,ldk #19,ldk #24,ldk #37,ldk #41,ldk #44,ldk #46,ldk #50,ldk #52,ldk #56,ldk #58
0.0,-0.3896196764127514,-0.3916451967054271,-0.38410892074818126,-0.3939273962667484,-0.34827818862883125,-0.38380558101708473,-0.33801941278441877,-0.39749513674708187,-0.4120959063342426,-0.41768137234669483,-0.38465845065845394,-0.3805468313042349
1.0,2.849579019762337,2.7938378072550787,3.0352687933202778,2.9369897380067407,4.6922768587076344,3.4944544997507796,4.710735187463297,3.4027859827186795,3.1142354799957643,3.058081077308571,3.476118877747353,3.437777794883557
2.0,0.04660120934029311,0.051180539700972194,0.04507465540206926,0.052601804775339454,0.012076919725805704,0.017811006027584467,0.023141065186499273,0.018267997208545404,0.02839222894959404,0.021374287713823204,0.019679895901675598,0.01819748068325584
3.0,0.825187290176232,0.8209372020841396,0.8390427471333702,0.8159882601778247,1.1892638013907508,0.8837970300337078,1.2113689732402362,0.8885363016943257,0.8122494889167756,0.8118572467173673,0.9551509498525655,0.949740990660246
