#kernel,ldk #5,ldk #11,ldk #19,ldk #24,ldk #37,ldk #41,ldk #44,ldk #46,ldk #50,ldk #52,ldk #56,ldk #58
0.0,-0.38249865500357566,-0.3890257412158022,-0.37467583498582446,-0.3758431647371009,-0.34437696049197997,-0.3822227013725397,-0.3402559830918483,-0.3887133261663434,-0.4031268428256338,-0.4146008983759183,-0.3757336647043286,-0.36682347876110405
1.0,0.8861697621632518,0.8890762906038553,0.9090443853463919,0.883800585674005,1.2830474479001273,0.9529418427638381,1.296691042442835,0.9484953166474034,0.9039917746699604,0.8971070911484958,1.0144440514516715,1.019878562720086
2.0,2.984980557343775,2.9909648711304073,3.1340071503225304,3.07014125285627,5.328941535279528,3.7635905126576223,5.338121558374369,3.6039454394068904,3.3003188626953484,3.283630283084552,3.685233653792892,3.653358199323077
3.0,0.0632716965062493,0.06546620007253035,0.06412443719415652,0.06274661966289302,0.03425837828932501,0.035536245249898124,0.041758421389186055,0.03660746358700274,0.052114841663090244,0.03591377496760673,0.03854499943833623,0.04595612004071391
