#kernel,ldk #5,ldk #11,ldk #19,ldk #24,ldk #37,ldk #41,ldk #44,ldk #46,ldk #50,ldk #52,ldk #56,ldk #58
0.0,-0.38701960220089304,-0.3842186650401106,-0.3899204623265677,-0.395636667772407,-0.3582196906215761,-0.38831874493766,-0.33853333679857095,-0.39849621872514984,-0.41099641814711085,-0.4095111525938016,-0.37901237646077607,-0.3778405321688219
1.0,0.8041268788952763,0.8263204593832606,0.8193204459272345,0.8230315368213439,1.2019358502188098,0.8747750530230205,1.214357224852496,0.88459294305106,0.8153353557767049,0.8151319797964607,0.9575209432723478,0.9551483124568297
2.0,2.750732583840341,2.8053263153783345,2.9655981787566055,2.9686692505132046,4.882122277044528,3.515332819186254,4.8525654168330155,3.391279025221181,3.073763679475403,3.039699372641405,3.502679889397772,3.4553758710148084
3.0,0.04706435006385974,0.05314309526565966,0.05109927018268145,0.05009095907513509,0.014726588420481171,0.020519419386232716,0.026607305816310056,0.01205901274400176,0.025970091657944127,0.021714605164226033,0.018307267973239807,0.01911701316325018
