#kernel,ldk #5,ldk #11,ldk #19,ldk #24,ldk #37,ldk #41,ldk #44,ldk #46,ldk #50,ldk #52,ldk #56,ldk #58
0.0,0.04303005382332279,0.04102232252907207,0.03593995083171571,0.03056927700945973,0.008236491871341702,0.021571184865713213,0.01278096274515497,0.011213860459889955,0.021714850396025585,0.022113888829529204,0.012127010885268437,0.006265992272088582
1.0,-0.3928451285503365,-0.3980054174316879,-0.3993461747212444,-0.4040032683680495,-0.3668136792248039,-0.39291391578366575,-0.3573272219389155,-0.4006625213501617,-0.4185438149643284,-0.41418782797735804,-0.3885158793543349,-0.3894060669521622
2.0,0.8293852612495947,0.8471159427405074,0.8364791486547407,0.828485251102924,1.153411788843682,0.8834839133904824,1.1775661488890359,0.8851725511354844,0.8216072752095203,0.8365454044277797,0.9871732712638035,0.9711086971804471
3.0,2.816774574255269,2.8288692171886374,2.9370331938495435,2.9764680032968287,4.782256640110878,3.504523219779819,4.823671566216762,3.4010022930923256,3.0093422667680936,3.0242750915079677,3.5206428574593316,3.422815674164188
