#kernel,ldk #5,ldk #11,ldk #19,ldk #24,ldk #37,ldk #41,ldk #44,ldk #46,ldk #50,ldk #52,ldk #56,ldk #58
0.0,-0.3953192724499213,-0.4027816262365709,-0.3950228396166176,-0.3971351243039494,-0.36665955624695223,-0.3955242540634077,-0.35423611804114363,-0.3940326498903495,-0.4241808920362083,-0.4283384062076877,-0.38843237668934266,-0.3958471423765184
1.0,2.793481006379541,2.7575715222610855,2.9533290380338078,2.9020211394586837,4.929776952305025,3.499359246728447,4.92130407755509,3.325535531144087,3.0795501459614165,3.0619792288530028,3.53445870685446,3.5442510846888076
2.0,0.8353676714274306,0.8515258935260881,0.8508188588883562,0.828095253121737,1.200501685946012,0.8961060504901754,1.2119584174135485,0.8891143969159389,0.84315152243963,0.8520934867642078,0.9489498924584989,0.952360066847334
3.0,0.04325788202905227,0.04532007873453921,0.04135477048806289,0.04092581388813965,0.005675427325640426,0.016865234058370173,0.016428461633287757,0.020852097781832595,0.02146320672085986,0.019021800467045418,0.0152834801755721,0.007437434627324985
