#kernel,ldk #5,ldk #11,ldk #19,ldk #24,ldk #37,ldk #41,ldk #44,ldk #46,ldk #50,ldk #52,ldk #56,ldk #58
0.0,0.04384559485210092,0.04929141018888778,0.045356716866966205,0.04556662941214909,0.007954094360207073,0.021418597427472794,0.019509843868170142,0.014759084563195152,0.028174404614060667,0.027401049914814776,0.014880349495671899,0.012498422783779457
1.0,2.821142017874802,2.8419390087148058,3.0062265789348186,2.9930509114124106,4.988860066736579,3.5764177513802293,4.936327174112916,3.4284734030258646,3.136929036732978,3.1003395215552305,3.498985153221727,3.454943627434848
2.0,-0.39427500732218057,-0.39724436934486956,-0.3907266141592406,-0.3984519736809754,-0.36044640292355096,-0.3866278845399612,-0.34291763239026635,-0.3965178373377072,-0.42000758957752665,-0.4161088469630228,-0.3882464642228381,-0.38662161161193026
3.0,0.8233146902562413,0.8484820243724559,0.8445260468855011,0.8363226411272788,1.2035525640767788,0.891931318937373,1.2114252817136706,0.8884946022700251,0.8423722607004718,0.8460839918903704,0.9549529019878845,0.9495243406814701
