#kernel,ldk #5,ldk #11,ldk #19,ldk #24,ldk #37,ldk #41,ldk #44,ldk #46,ldk #50,ldk #52,ldk #56,ldk #58
0.0,-0.39621074614899204,-0.397350614883686,-0.3942254745246273,-0.3970097802829068,-0.3628883208353781,-0.3924026726946227,-0.34561560155869847,-0.3950256434968074,-0.41497465068621603,-0.4179518240657316,-0.38029738989089973,-0.384925021405992
1.0,0.8438021191118562,0.8713487552106403,0.864250202445695,0.8461711155716003,1.2408284682669126,0.9253926081275656,1.2481203904968614,0.920721863048423,0.8657693087991138,0.8669504070061705,0.9759941704380297,0.9711716008949453
2.0,0.04666755154914378,0.05507433994517027,0.04631063668485302,0.04794056173802938,0.01089903122657598,0.02352155279137903,0.02385956398221456,0.02232510094016227,0.034776566600472264,0.028916388385685495,0.02538614466459787,0.01955132010423391
3.0,2.8844989520510875,2.8938160661133145,3.0536486531205553,3.017718238338325,5.089194371227216,3.691536607541121,5.037646798555221,3.5199372318449593,3.2063405744567035,3.164545778024284,3.6204460916264223,3.5893041939313473
