#kernel,ldk #5,ldk #11,ldk #19,ldk #24,ldk #37,ldk #41,ldk #44,ldk #46,ldk #50,ldk #52,ldk #56,ldk #58
0.0,-0.3945394799753512,-0.40103818989709134,-0.3952179122652587,-0.39819200470156396,-0.3675497722364055,-0.3921327956523958,-0.35449507728548774,-0.4007109001093095,-0.42094460332355454,-0.4132198748167721,-0.3912246473112135,-0.38846904393019926
1.0,0.04045094691492146,0.043911088876457186,0.04137847590612324,0.04090581486640443,0.00600080178236996,0.02054664646511975,0.014289822874876823,0.017183843387039262,0.027518219853091164,0.026132517964883095,0.013315878235316507,0.010932319678854848
2.0,0.8236605912993646,0.8507178198378864,0.8439033433144113,0.8348706993665869,1.1790345104510196,0.8851803399825869,1.1889667366985,0.8860990683783864,0.8417177168251406,0.8447009154215992,0.9571843101883158,0.9466518248999923
3.0,2.8474305700619222,2.8660710554580007,3.0542190613948863,3.042958583329117,4.80999216177262,3.55707555803401,4.773732360410335,3.394744279148304,3.12677231652426,3.0864873897684673,3.574174503874384,3.49649106742973
