#kernel,ldk #5,ldk #11,ldk #19,ldk #24,ldk #37,ldk #41,ldk #44,ldk #46,ldk #50,ldk #52,ldk #56,ldk #58
0.0,-0.38783725153977927,-0.39257222147019827,-0.3890689292725768,-0.38829252082221705,-0.3582819300259144,-0.38592556344188,-0.34646127485589334,-0.3938461641878549,-0.40762588618162526,-0.4096534396534179,-0.3852885168637117,-0.3891162982957647
1.0,2.8806877045649757,2.8955389516072247,3.0561789439288853,2.9964803235111,5.026759440492681,3.6457287371938563,5.002108817806134,3.475761072887534,3.1513565860464112,3.16830129014661,3.584099107344309,3.5383316679983063
2.0,0.8434274528205574,0.8629427560950068,0.8548354020017958,0.8363723533644084,1.21289651800585,0.9102128107387005,1.2274382603889153,0.9061664246442388,0.8518347213060068,0.8677423556090037,0.9858815483134253,0.9772585796231623
3.0,0.05081564852110424,0.05402293914244463,0.0474564371509352,0.04827611821532955,0.0139850030704402,0.02509704435102654,0.02317925278451544,0.019827107218206578,0.03570748154725632,0.03555027518543885,0.02005907880781888,0.013134885563181601
