#kernel,ldk #5,ldk #11,ldk #19,ldk #24,ldk #37,ldk #41,ldk #44,ldk #46,ldk #50,ldk #52,ldk #56,ldk #58
0.0,-0.38540619214926236,-0.38916638280999827,-0.38767163924282905,-0.38775716463061854,-0.34830728291519125,-0.38451547712919276,-0.33636383223213356,-0.38143197826327324,-0.4101579390811949,-0.4005507180084256,-0.3845679937410741,-0.3803198969568865
1.0,0.8336528236543598,0.8480248603318045,0.8477266589485397,0.83237260553847,1.222635021074999,0.9007316330429137,1.238334913802539,0.8973972164776653,0.8454149039876017,0.8539906507146104,0.982206170460747,0.9797004928974224
2.0,0.05560033341010171,0.05916868389499894,0.05298320904294566,0.053909118434196795,0.02322767420642938,0.029514414021293883,0.03185863292781596,0.02944252118855447,0.03641994759880353,0.03958733240695911,0.022493368747430395,0.023900977045636613
3.0,2.8204693839352544,2.814531297375378,3.0186856193390073,2.963702107623945,4.9625239247560975,3.5787407426411404,4.944434952364859,3.3849876655949913,3.114427137107813,3.0834051681099006,3.503693851214839,3.460372492046735
