#kernel,ldk #5,ldk #11,ldk #19,ldk #24,ldk #37,ldk #41,ldk #44,ldk #46,ldk #50,ldk #52,ldk #56,ldk #58
0.0,-0.3879659300389251,-0.3919239891973482,-0.38958342883021474,-0.3888625277770254,-0.35792589667753083,-0.38685040353398986,-0.3428308814589852,-0.3949490911434374,-0.40790738272013793,-0.41062450669481165,-0.3881095392741205,-0.39004740167200314
1.0,0.0485341259944862,0.05088307355676583,0.04609470983169544,0.04572339186505017,0.01371073572531265,0.022659612429395386,0.022176682826889362,0.016782637907655794,0.034003531464566854,0.03395984549936366,0.015860763108913017,0.009253377256702446
2.0,2.8813635245517983,2.886289757200598,3.063755282283943,2.994489604326222,5.010286268669586,3.641590871280508,4.939776721042105,3.479019528673931,3.1578937983873647,3.1798994214952616,3.5912412696568707,3.526783805618851
3.0,0.8401260897658217,0.8584550202048741,0.8528930711561359,0.8290191880818275,1.2186414521066358,0.9063159757649577,1.218045425113606,0.9015784991943272,0.8488782361713281,0.8663302194889082,0.9774313118663293,0.96586880729535
