#kernel,ldk #5,ldk #11,ldk #19,ldk #24,ldk #37,ldk #41,ldk #44,ldk #46,ldk #50,ldk #52,ldk #56,ldk #58
0.0,-0.3854709500232873,-0.3878655330821123,-0.3850720961460529,-0.3937999565139488,-0.3538021649899979,-0.3836025872199609,-0.3397651862673018,-0.3939220977284849,-0.41414944481760524,-0.41260501386023957,-0.38333970847266796,-0.3872103667257576
1.0,0.8562509804615331,0.8739857166397702,0.8657042000857033,0.8510113437839338,1.2165350579833183,0.9119159529331864,1.22806843205723,0.9032067545228714,0.8477918865164173,0.8578318264982056,0.9931806199955753,0.9876802531100431
2.0,0.05222134005860711,0.0588947606872041,0.05190501567257997,0.05277527335303677,0.018245383773355075,0.02705055593729355,0.029674831209155185,0.02144673433250463,0.028779575228467417,0.028757663428337195,0.02146282827975433,0.014496432892696962
3.0,2.9137250358453177,2.9129520263876896,3.089562188092943,3.042270011859129,4.96851734406317,3.62848441152672,4.937175571541458,3.4648668303530834,3.1742778720574747,3.161621077049208,3.5969443171341697,3.5627126846687895
