#kernel,ldk #5,ldk #11,ldk #19,ldk #24,ldk #37,ldk #41,ldk #44,ldk #46,ldk #50,ldk #52,ldk #56,ldk #58
0.0,-0.38829497698101967,-0.394897485149361,-0.3877507733691308,-0.3837776693587164,-0.3591375346836919,-0.3893325116853729,-0.348329387052851,-0.39432171212790385,-0.40954122769406703,-0.421223817477793,-0.38011007717572676,-0.37893382392142466
1.0,0.054982925787833384,0.05465877767196486,0.05330473773328964,0.05794894337841031,0.01766217644193605,0.028046537982621085,0.02792898205400674,0.025767171095634426,0.04080506645342853,0.02687297364552761,0.026108578126587772,0.027765533623273296
2.0,2.915796685405314,2.916907221259149,3.0594000166046222,3.031960582130369,5.097359057590967,3.6531553758577378,5.110930502960247,3.5057993171463817,3.1899599729432184,3.171642904450629,3.6685045104310525,3.6430087544323064
3.0,0.8560023956745041,0.872824070203713,0.8756911213774198,0.8615154153908908,1.2318855843239895,0.9228693004788394,1.2510075746050164,0.9156664646692247,0.8695058325660344,0.8677562311260235,0.991225088381274,0.9953538145763309
