#kernel,ldk #5,ldk #11,ldk #19,ldk #24,ldk #37,ldk #41,ldk #44,ldk #46,ldk #50,ldk #52,ldk #56,ldk #58
0.0,0.049505153253735536,0.05360984915132569,0.046220440344997164,0.048325350802473216,0.013130910412656748,0.023905821636810053,0.023245152898520246,0.018822234483429793,0.031747421772161936,0.03094683685822735,0.022668442962624553,0.017868275361153325
1.0,0.831235414528194,0.8560504502597199,0.848731997771396,0.8261779365699721,1.227694459614928,0.904874668758099,1.2407664973364243,0.9024178369379072,0.8530467349022081,0.8565355299730483,0.9856526829757107,0.9730605488649283
2.0,2.779281289206905,2.8278429808034153,2.993313113864359,2.952695142041762,5.0991922239751455,3.589840555914031,5.096816112519256,3.461767315084684,3.1224614009001517,3.099936463604886,3.5825273797500867,3.504548384830282
3.0,-0.39123615662729844,-0.3972694891523605,-0.39313897227584177,-0.3936743209447916,-0.3633228933719484,-0.3892010534034568,-0.3496815401259112,-0.39833723006050287,-0.41962907142346983,-0.4165872558991424,-0.3858538761318149,-0.38465439953287617
