#kernel,ldk #5,ldk #11,ldk #19,ldk #24,ldk #37,ldk #41,ldk #44,ldk #46,ldk #50,ldk #52,ldk #56,ldk #58
0.0,-0.3931140802094965,-0.3948123349223939,-0.39377587181290774,-0.3949429106727414,-0.35818107617038547,-0.3834823066475723,-0.3443939441666301,-0.3899686326598285,-0.4177036670283298,-0.40975553268030174,-0.38344665912942927,-0.382655700702754
1.0,0.8295187609372361,0.8522416554902132,0.8466842502719352,0.8385696248699036,1.2244375487104366,0.8984422038055925,1.2426272480194562,0.8962991852139165,0.8359952578009255,0.8503961937391393,0.9800188454341072,0.9726828958491146
2.0,0.04207021831581305,0.048626418718284145,0.048178100475783275,0.04946846046952268,0.014657838446799474,0.025785395874373715,0.026016607265800854,0.021494961699197762,0.023155502185870543,0.028640175503333806,0.017127915867767022,0.014220134157126923
3.0,2.861667826205999,2.879835981955492,3.0665429813477316,3.0203740386070486,5.019345986758533,3.614538396726177,5.003175063477944,3.4407923260184288,3.1352037416903293,3.116502067642649,3.5671310946876678,3.516052016257645
