#kernel,ldk #5,ldk #11,ldk #19,ldk #24,ldk #37,ldk #41,ldk #44,ldk #46,ldk #50,ldk #52,ldk #56,ldk #58
0.0,0.043010988273470954,0.04700708107469068,0.04253081812211886,0.03694177956081652,0.008823848733526363,0.017232934755835174,0.018890574777683973,0.01550296186736449,0.02459222751944948,0.024064701401414416,0.011920370126236346,0.005993179437683552
1.0,2.7867496688891378,2.8068932893758474,2.927148490039184,2.9230254319356397,4.8736100947697905,3.4931986177964127,4.892927629863166,3.412367047837612,3.0835876516228113,3.0875392785578994,3.536411964400014,3.4610166644690388
2.0,0.8202838655614267,0.8389272020980015,0.8448181492844715,0.8197829736832952,1.1983283770158244,0.8940569768650118,1.211725514254744,0.889703412677059,0.8339321758879856,0.8443557903861796,0.9632999275772524,0.9529544060098213
3.0,-0.3946758130666205,-0.39561029070768955,-0.3946490468358198,-0.39775432053833915,-0.36112861832119125,-0.39247973695495647,-0.3481267625955904,-0.39743202544145917,-0.4200245137109504,-0.4202537737815187,-0.39011049123299835,-0.39129239453446196
