#kernel,ldk #5,ldk #11,ldk #19,ldk #24,ldk #37,ldk #41,ldk #44,ldk #46,ldk #50,ldk #52,ldk #56,ldk #58
0.0,0.8362379787581531,0.8550001917057988,0.8532883994571911,0.8362848013201116,1.1917004590679692,0.8946849105444283,1.1987564013767982,0.8948669472004938,0.8426427215358546,0.8586910119825422,0.9543305327528157,0.9500011973895122
1.0,-0.3912051214377822,-0.39438675168206855,-0.3902396210333977,-0.3890607135060898,-0.36339992779864,-0.39148435215862154,-0.3513912034199757,-0.4004529447296521,-0.420908973271635,-0.42418219156602766,-0.38845172150389495,-0.3868235812241405
2.0,0.04423225021490008,0.04955122149875057,0.03978255366514643,0.0437323027744887,0.006026552576435528,0.01675458006046747,0.015495973463633598,0.014999875639643976,0.020771985420724337,0.019386050593887313,0.016659174310820802,0.014214338023871351
3.0,2.834604715766527,2.8460946570701178,3.0380538547237874,2.980227904892626,5.0426372827167345,3.6101047117066587,5.007399093796817,3.464947083564192,3.1337947764150074,3.1574950138916242,3.5188291182949643,3.474447288929682
