#kernel,ldk #5,ldk #11,ldk #19,ldk #24,ldk #37,ldk #41,ldk #44,ldk #46,ldk #50,ldk #52,ldk #56,ldk #58
0.0,-0.38928573527312327,-0.39446186613638295,-0.38692112064426265,-0.38516979650925404,-0.35789403150587074,-0.3913376002515588,-0.34599878524851013,-0.38929322315032877,-0.409962253611803,-0.4159131744102649,-0.38301161263279954,-0.3829506554889082
1.0,0.05526184714943932,0.05698384411423216,0.054163281467808966,0.056503754063931384,0.01662288313943783,0.024810355504323915,0.025344368173678727,0.026656173906988663,0.038374229560647975,0.03304609009239098,0.023869655264818393,0.019759186452161563
2.0,0.8566926987646549,0.8787494443717706,0.8775129494045252,0.8630588630647904,1.2477537496924485,0.9290111046126169,1.2617354709877644,0.9285804612315782,0.8710678635425351,0.8771433605648742,1.0065170018689442,1.0001057435529774
3.0,2.9293792217279653,2.9414148199455035,3.1557758206764515,3.1027641349036554,5.176903660571197,3.768672825389542,5.136387530322956,3.55936954159434,3.2192497182990105,3.2152980068278603,3.6419835635596316,3.579745718215379
