#kernel,ldk #5,ldk #11,ldk #19,ldk #24,ldk #37,ldk #41,ldk #44,ldk #46,ldk #50,ldk #52,ldk #56,ldk #58
0.0,-0.38745179290418846,-0.3937325294119221,-0.39495686728257856,-0.40039860269670446,-0.3517449670847764,-0.3930867614480975,-0.33854860939272,-0.3841315150703343,-0.4171786909636819,-0.4080379823092195,-0.3894223902444764,-0.379510142603694
1.0,0.824323671065411,0.837514358629946,0.8497412760175675,0.8416786212919319,1.2123174998600335,0.8991664278551524,1.2184824591855576,0.890457327494558,0.833667467652475,0.8469774829080773,0.9646125239598756,0.9753863570561931
2.0,0.04845853803307185,0.047382351956755976,0.04289797813227743,0.04589383082812304,0.02017282137348368,0.01929865153210712,0.027623414145218243,0.023205932677234926,0.027997799406390026,0.03346036220631906,0.012866043344396255,0.021347373048520774
3.0,2.830555593000668,2.8288572334649116,3.032166372181235,3.0195555989952636,4.911176492480998,3.5707521285906574,4.865840910021169,3.3925150842031075,3.104859448778417,3.088756133200562,3.5186282461098393,3.4949248250735137
