#kernel,ldk #5,ldk #11,ldk #19,ldk #24,ldk #37,ldk #41,ldk #44,ldk #46,ldk #50,ldk #52,ldk #56,ldk #58
0.0,-0.39364709334404396,-0.3917014867692659,-0.3899097193098811,-0.39097451844577547,-0.35913166375762434,-0.3890729964074022,-0.3478184455091291,-0.39094746565307004,-0.41673293482265017,-0.4154205547992397,-0.3845734304668719,-0.38312923078750805
1.0,0.8535843146212033,0.8687426715802951,0.8726515931519888,0.8445017540429445,1.2488505434748742,0.9295505399634413,1.2566489325689347,0.9266222944587827,0.8622436665791824,0.8711113982921028,0.9927260506239095,0.9878257205104148
2.0,0.04796616818388713,0.05687850416024608,0.05123964106665605,0.050890713067682475,0.017301133110261272,0.025832227310975907,0.026592025986631962,0.02813017885024012,0.03324435540996151,0.03334827944140492,0.02359592362901541,0.020906048123509192
3.0,2.907724805133148,2.9186976899720802,3.043292418597311,2.9826414662231335,5.070029685353263,3.6649502170719517,5.049935143269857,3.502666092578874,3.2171746654798214,3.2016844092845247,3.663172417819745,3.609220989057649
