#kernel,ldk #5,ldk #11,ldk #19,ldk #24,ldk #37,ldk #41,ldk #44,ldk #46,ldk #50,ldk #52,ldk #56,ldk #58
0.0,-0.40067990229183265,-0.4013434747494163,-0.3932272293561415,-0.39824189962704315,-0.35284332412816943,-0.39045590166785904,-0.34095642083365574,-0.3986326992041389,-0.422902917668537,-0.42067570967668483,-0.39085125130779125,-0.39109708546064886
1.0,0.03459121406571932,0.040275172918610894,0.03970547680041774,0.04319084961438032,0.007516535653509826,0.01478841120421671,0.017619238143621787,0.00802840877036829,0.020944784034346516,0.015739068992207558,0.006741439427889513,0.003613444191041448
2.0,0.8095579648871809,0.81921276491385,0.8367092914847695,0.8134673151444973,1.194615534243536,0.8878755309835031,1.2048734363783533,0.8653794193900519,0.8237371489311255,0.8158151701739119,0.9287485614464034,0.9267633420161633
3.0,2.803924974089916,2.7983470719088075,3.015717980128702,2.93148434403149,4.859362293374337,3.563715654729425,4.839107893361288,3.34455784667812,3.1303538483480398,3.055414562555153,3.5088997184134705,3.473410341705815
