#kernel,ldk #5,ldk #11,ldk #19,ldk #24,ldk #37,ldk #41,ldk #44,ldk #46,ldk #50,ldk #52,ldk #56,ldk #58
0.0,-0.3906420623850193,-0.39813405717145917,-0.3905546330546706,-0.3894006819222088,-0.3606224948902421,-0.38752956506770203,-0.34276817274118654,-0.39713038785626853,-0.4110088923200692,-0.4129714798823665,-0.38992418605130674,-0.38919441697539847
1.0,0.04386629001870859,0.04586277677708781,0.04582451090884021,0.04736728865323934,0.01153087668516637,0.022167203250268327,0.022815231635133392,0.015504932984908374,0.029743737540064086,0.029745502256209186,0.01436463214677686,0.008559374121842215
2.0,0.8267848730131462,0.8465530341420106,0.8449627277049638,0.8238107926995399,1.2020183498041426,0.8937974733292546,1.210641868412464,0.8910247884123139,0.8413140351559295,0.8571428805727924,0.9686963070241292,0.9554575653018388
3.0,2.830670331825833,2.8468338554326658,3.0197712610907366,2.975144822382302,4.965132752696772,3.583116482011991,4.921223071186096,3.4278544557439283,3.1260657900820967,3.1409666579870414,3.570202032551931,3.4972414139697947
