#kernel,ldk #5,ldk #11,ldk #19,ldk #24,ldk #37,ldk #41,ldk #44,ldk #46,ldk #50,ldk #52,ldk #56,ldk #58
0.0,-0.3926283072661471,-0.39394120402300326,-0.38712561534891804,-0.39427321398644954,-0.35968141398407594,-0.3831325974260436,-0.34182658980426023,-0.39470650946458286,-0.4178973839376737,-0.4207281290908602,-0.3864298801572679,-0.3877243427395706
1.0,2.841317328841832,2.8438418097864018,3.001963693684395,3.0074763269540368,4.949541671274835,3.5726844078257978,4.899302761998145,3.410506544611454,3.1148358926976507,3.1295861464815276,3.5518306829687347,3.486071017179299
2.0,0.04316969671000382,0.048069041677291285,0.046312915643789476,0.04780301316752642,0.010529789251587747,0.02387857167268014,0.022391746974557897,0.014138970037920112,0.023851299174144837,0.023048388321404146,0.014960127869841924,0.00846851450457083
3.0,0.8323317810083534,0.8500205782245412,0.8474175421157928,0.8447619586255397,1.2038061980035102,0.8986231645361873,1.2117541228360498,0.8913265259006423,0.8376573180238073,0.852802048442034,0.9638368194239766,0.9521703398751875
