#kernel,ldk #5,ldk #11,ldk #19,ldk #24,ldk #37,ldk #41,ldk #44,ldk #46,ldk #50,ldk #52,ldk #56,ldk #58
0.0,-0.3902027965108961,-0.39068297422375825,-0.386888898266864,-0.3924867255851963,-0.3526591322791205,-0.38244422321910454,-0.33555630823725896,-0.38939878192984256,-0.41050167116574937,-0.4102758212875875,-0.38723325711375906,-0.3905934739299374
1.0,2.7939160074517497,2.8295037710252227,2.958900368456438,2.971086803952293,4.816678824960903,3.5087045201532994,4.786765541380666,3.3435459156206417,3.121035520985023,3.123224417354164,3.541138985989516,3.478107055398745
2.0,0.04421935784129953,0.048526743688861104,0.047665075865879515,0.048480047902895465,0.013948897548302953,0.023786852969099808,0.02515649390693353,0.017063997447323655,0.027820381401691237,0.02728637366028002,0.013485358800584529,0.007081755898892692
3.0,0.8132752030534494,0.8368177670894926,0.8416033563732259,0.8406097020994987,1.1988958183261789,0.893728857984786,1.2102134296776974,0.8896576013539012,0.8318044919790328,0.8459381222608455,0.942288320167261,0.9290935606466808
