#kernel,ldk #5,ldk #11,ldk #19,ldk #24,ldk #37,ldk #41,ldk #44,ldk #46,ldk #50,ldk #52,ldk #56,ldk #58
0.0,0.04645499031192151,0.04807456452239231,0.051470392481453964,0.03982249945860089,0.015489588767066043,0.015669522836696623,0.0245817579340732,0.018606750057248548,0.021837151194855936,0.027697143082608615,0.01368477013940987,0.0179535225346932
1.0,2.8203493410272413,2.8073465832886577,3.0251793529937556,2.9743871090773917,4.898957985604286,3.5835361898206846,4.925701222318651,3.3887711987443194,3.1166789176946694,3.086328672991249,3.5036949805152795,3.4455738574606434
2.0,0.8300815743108854,0.8442523469228361,0.8571482254321544,0.828349813009106,1.1953149530302314,0.8960123028849937,1.21930372390945,0.8878036418639284,0.8347148398697529,0.8453432752123523,0.9649320879159241,0.9587161460243458
3.0,-0.39050880806788274,-0.39749605728324505,-0.38734931664190453,-0.40541955731337614,-0.35411378964855056,-0.39664590700176433,-0.34639187865327176,-0.39311001603318196,-0.4217717570495463,-0.41279890797192487,-0.39061270880483845,-0.380077683830074
