#kernel,ldk #5,ldk #11,ldk #19,ldk #24,ldk #37,ldk #41,ldk #44,ldk #46,ldk #50,ldk #52,ldk #56,ldk #58
0.0,0.8245662593602663,0.8563942004515045,0.8425148403983211,0.8331494214101477,1.1875318303469127,0.8938160106067062,1.1971111323961812,0.8888940345873937,0.8435750062850067,0.8575557169780198,0.9728803991785928,0.9574139439875303
1.0,-0.38906463885381365,-0.39544064526546935,-0.38730572369486527,-0.39619106232664253,-0.3648145779346668,-0.386037557108036,-0.34991567623207953,-0.3935119483773076,-0.4193481083505224,-0.41916951247837364,-0.38802903142482326,-0.3869679672077388
2.0,0.048021239643028436,0.04612939964825104,0.049725538882673025,0.04612206637083964,0.008730949167958137,0.025374157300926733,0.01793984987705703,0.018090658936765397,0.027111742008812133,0.026306992081147357,0.016546961134337377,0.011387618862869115
3.0,2.801395539335057,2.823599144402216,2.9856049569947785,2.9659470856905354,5.029255795286503,3.5976116046900306,4.970825628961632,3.4162520824477745,3.106476340200023,3.1137976508728515,3.548491538550338,3.4782175181133734
