#kernel,ldk #5,ldk #11,ldk #19,ldk #24,ldk #37,ldk #41,ldk #44,ldk #46,ldk #50,ldk #52,ldk #56,ldk #58
0.0,-0.3889268504658427,-0.39309283746323254,-0.38576894799417677,-0.38427446136658483,-0.35672545281274837,-0.38333216747529064,-0.3390855948244244,-0.39227128700547886,-0.4141072998441823,-0.4167171797687491,-0.3847383074888342,-0.38734676003074364
1.0,0.8383710738903183,0.8578315805684316,0.8588499011042182,0.8419655153549334,1.2224158330373571,0.9038153815503162,1.2292598982073315,0.9028859530445305,0.8430110113533268,0.8630647890958003,0.9749968464981676,0.9627764203370983
2.0,0.05080901030149265,0.05511647148050814,0.05240087535576271,0.054129410066734315,0.01588506454002158,0.02681370158417917,0.02688238205165814,0.021466878635337208,0.030462691576528398,0.030844708737700163,0.022830388943486137,0.015897184704660297
3.0,2.851684933661533,2.855331655781584,3.027971384850539,2.9842748056165753,5.000755266678523,3.5959881614355513,4.94651661858699,3.4453588771331978,3.13145482685722,3.1521420539280833,3.569005885961506,3.50774228762224
