#kernel,ldk #5,ldk #11,ldk #19,ldk #24,ldk #37,ldk #41,ldk #44,ldk #46,ldk #50,ldk #52,ldk #56,ldk #58
0.0,-0.3829803953495945,-0.39050197858082103,-0.3854891966447689,-0.3866108825589155,-0.3518868568476457,-0.38718306848776274,-0.3420182814711001,-0.3849683594430768,-0.4108725886275512,-0.405240430438529,-0.3787849153110566,-0.3780654578422752
1.0,0.8388082157923828,0.8520330332900891,0.8566580077359919,0.8542533485748021,1.196151504552631,0.89353511465142,1.21213651195939,0.8890839980565101,0.8400123106165608,0.8591080629760682,0.9809873108490026,0.9819793295758124
2.0,2.825394719500377,2.818140070726292,3.0207650545707803,3.0032456628854507,4.91967949840294,3.568363630213743,4.907122616160689,3.3795973789334783,3.1001005465844136,3.106072511538215,3.5113794256999737,3.481280371881596
3.0,0.05637936450686598,0.05661126018448338,0.05532842251665801,0.06032625345857605,0.023615667087156077,0.027456547503404333,0.030645982593058983,0.02699407264431148,0.034056749757335754,0.039016084403753024,0.025486459859862896,0.025086349216598015
