#kernel,ldk #5,ldk #11,ldk #19,ldk #24,ldk #37,ldk #41,ldk #44,ldk #46,ldk #50,ldk #52,ldk #56,ldk #58
0.0,0.06302317165608833,0.061400648942705555,0.056013224924201445,0.05649412440284452,0.03237409217109809,0.04281946495389922,0.04053044515866356,0.03694645372895825,0.04386037066885365,0.04552824220356485,0.03254265061632499,0.034672225461672646
1.0,-0.3793685184466027,-0.38510284657445104,-0.3868458892858699,-0.39038884133411567,-0.35340026305805483,-0.3765237769148938,-0.3429153836028846,-0.37767759552227453,-0.40207888551519494,-0.396421165933196,-0.37651882181064056,-0.3655649299494003
2.0,0.869712885602179,0.8812519205374489,0.8753586983731133,0.8598173675486437,1.2391435194514777,0.932274505953959,1.265376008468831,0.9324954339498416,0.8722359987901405,0.8839340161082138,1.0470778024640044,1.0279669304497325
3.0,2.908576702286456,2.89578072025922,3.074939602915537,3.024931154796983,5.178371922443079,3.7002835594446957,5.197099746714449,3.5035990099667145,3.1758111532191418,3.1638039990148314,3.6352314030664075,3.5328422302563967
